Date,Ticker,Shares,Open,High,Low,Close,Volume,Value
2025-06-30,ALK.AX,153181,0.725,0.735,0.705,0.715,1593644,109524.41
2025-06-30,AMP.AX,70000,1.270,1.290,1.255,1.260,6163609,88200.00
2025-06-30,ASM.AX,57458,0.520,0.525,0.500,0.505,396387,29016.29
2025-06-30,BHP.AX,16391,37.180,37.200,36.540,36.750,12990646,602369.25
2025-06-30,CAN.AX,44090,0.011,0.011,0.010,0.010,1536611,440.90
2025-06-30,CBA.AX,0,185.360,186.830,183.410,184.750,2762322,0.00
2025-06-30,CNB.AX,10000,0.400,0.415,0.380,0.385,582035,3850.00
2025-06-30,E25.AX,20000,0.215,0.230,0.215,0.230,233572,4600.00
2025-06-30,ERA.AX,700000,0.002,0.002,0.002,0.002,1048790,1750.00
2025-06-30,PTR.AX,9412,0.330,0.345,0.320,0.345,915694,3247.14
2025-06-30,VML.AX,6000,0.100,0.100,0.100,0.100,0,600.00
2025-06-30,WBC.AX,0,33.900,34.160,33.800,33.860,5011742,0.00
2025-06-30,WDS.AX,1288,23.620,23.710,23.240,23.630,5926027,30435.44
2025-07-01,ALK.AX,153181,0.715,0.725,0.705,0.715,881773,109524.41
2025-07-01,AMP.AX,70000,1.255,1.278,1.255,1.270,4793575,88900.00
2025-07-01,ASM.AX,57458,0.520,0.585,0.520,0.565,398562,32463.77
2025-07-01,BHP.AX,16391,36.640,36.820,36.360,36.570,7856950,599418.86
2025-07-01,CAN.AX,44090,0.011,0.012,0.010,0.011,1634164,484.99
2025-07-01,CBA.AX,0,184.210,184.310,181.400,182.580,2968299,0.00
2025-07-01,CNB.AX,10000,0.415,0.415,0.382,0.410,377402,4100.00
2025-07-01,E25.AX,20000,0.230,0.230,0.220,0.230,72263,4600.00
2025-07-01,ERA.AX,700000,0.002,0.002,0.002,0.002,112863,1750.00
2025-07-01,PTR.AX,9412,0.340,0.360,0.340,0.350,392497,3294.20
2025-07-01,VML.AX,6000,0.100,0.100,0.100,0.100,0,600.00
2025-07-01,WBC.AX,0,33.870,34.035,33.570,33.870,4490183,0.00
2025-07-01,WDS.AX,1288,23.700,23.770,23.480,23.560,3309245,30345.28
2025-07-02,ALK.AX,153181,0.710,0.725,0.700,0.705,603902,107992.60
2025-07-02,AMP.AX,70000,1.275,1.340,1.265,1.340,9395636,93800.00
2025-07-02,ASM.AX,57458,0.575,0.590,0.540,0.545,226944,31314.61
2025-07-02,BHP.AX,16391,37.000,37.350,36.760,37.200,9145015,609745.21
2025-07-02,CAN.AX,44090,0.012,0.014,0.011,0.014,3119052,617.26
2025-07-02,CBA.AX,0,183.000,183.850,180.510,183.670,3202955,0.00
2025-07-02,CNB.AX,10000,0.405,0.415,0.400,0.415,307503,4150.00
2025-07-02,E25.AX,20000,0.225,0.225,0.210,0.210,253424,4200.00
2025-07-02,ERA.AX,700000,0.002,0.002,0.002,0.002,85274,1750.00
2025-07-02,PTR.AX,9412,0.360,0.370,0.333,0.340,545409,3200.08
2025-07-02,VML.AX,6000,0.100,0.100,0.100,0.100,0,600.00
2025-07-02,WBC.AX,0,33.940,34.000,33.385,33.720,5822400,0.00
2025-07-02,WDS.AX,1288,23.560,23.890,23.470,23.820,4048946,30680.16
2025-07-03,ALK.AX,153181,0.700,0.705,0.675,0.695,2330711,106460.79
2025-07-03,AMP.AX,70000,1.310,1.360,1.303,1.355,8149417,94850.00
2025-07-03,ASM.AX,57458,0.545,0.595,0.545,0.580,100958,33325.64
2025-07-03,BHP.AX,16391,38.400,39.270,38.370,39.270,16531066,643674.58
2025-07-03,CAN.AX,44090,0.014,0.015,0.013,0.015,1848945,661.35
2025-07-03,CBA.AX,0,182.410,182.410,179.580,179.690,1989031,0.00
2025-07-03,CNB.AX,10000,0.420,0.450,0.405,0.445,621377,4450.00
2025-07-03,E25.AX,20000,0.215,0.225,0.205,0.225,84757,4500.00
2025-07-03,ERA.AX,700000,0.003,0.003,0.002,0.002,1960121,1750.00
2025-07-03,PTR.AX,9412,0.345,0.370,0.340,0.370,584806,3482.44
2025-07-03,VML.AX,6000,0.100,0.100,0.100,0.100,0,600.00
2025-07-03,WBC.AX,0,33.420,33.710,33.270,33.480,3134557,0.00
2025-07-03,WDS.AX,1288,24.010,24.290,23.830,24.000,3128810,30912.00
2025-07-04,ALK.AX,153181,0.690,0.705,0.685,0.690,1184669,105694.89
2025-07-04,AMP.AX,70000,1.360,1.425,1.350,1.425,9476335,99750.00
2025-07-04,ASM.AX,57458,0.580,0.590,0.570,0.585,116205,33612.93
2025-07-04,BHP.AX,16391,38.600,38.990,38.450,38.730,7905428,634823.42
2025-07-04,CAN.AX,44090,0.015,0.017,0.015,0.017,4037271,749.53
2025-07-04,CBA.AX,0,179.510,180.490,176.440,178.000,2022811,0.00
2025-07-04,CNB.AX,10000,0.450,0.460,0.430,0.440,462804,4400.00
2025-07-04,E25.AX,20000,0.220,0.220,0.215,0.215,14522,4300.00
2025-07-04,ERA.AX,700000,0.002,0.002,0.002,0.002,355765,1750.00
2025-07-04,PTR.AX,9412,0.370,0.385,0.355,0.355,199396,3341.26
2025-07-04,VML.AX,6000,0.100,0.100,0.100,0.100,0,600.00
2025-07-04,WBC.AX,0,33.450,33.800,33.450,33.630,2223513,0.00
2025-07-04,WDS.AX,1288,24.070,24.120,23.950,24.060,2340558,30989.28
2025-07-07,ALK.AX,153181,0.690,0.700,0.665,0.670,1250922,102631.27
2025-07-07,AMP.AX,70000,1.420,1.433,1.405,1.430,6737161,100100.00
2025-07-07,ASM.AX,57458,0.580,0.590,0.565,0.565,86805,32463.77
2025-07-07,BHP.AX,16391,38.650,38.875,38.530,38.600,4267350,632692.57
2025-07-07,CAN.AX,44090,0.018,0.018,0.016,0.016,984386,705.44
2025-07-07,CBA.AX,0,177.570,179.015,176.980,177.810,1233379,0.00
2025-07-07,CNB.AX,10000,0.440,0.440,0.400,0.425,314515,4250.00
2025-07-07,E25.AX,20000,0.205,0.225,0.205,0.225,79414,4500.00
2025-07-07,ERA.AX,700000,0.002,0.002,0.002,0.002,251244,1750.00
2025-07-07,PTR.AX,9412,0.360,0.360,0.355,0.355,483694,3341.26
2025-07-07,VML.AX,6000,0.100,0.100,0.100,0.100,0,600.00
2025-07-07,WBC.AX,0,33.550,33.800,33.200,33.480,2361188,0.00
2025-07-07,WDS.AX,1288,23.980,24.050,23.640,23.870,3417676,30744.56
2025-07-08,ALK.AX,153181,0.670,0.700,0.665,0.700,2397901,107226.70
2025-07-08,AMP.AX,70000,1.420,1.455,1.400,1.445,7767542,101150.00
2025-07-08,ASM.AX,57458,0.565,0.570,0.560,0.560,109877,32176.48
2025-07-08,BHP.AX,16391,37.770,38.270,37.560,38.240,8029159,626791.87
2025-07-08,CAN.AX,44090,0.016,0.017,0.015,0.015,661219,661.35
2025-07-08,CBA.AX,0,177.080,179.900,176.840,179.280,2169151,0.00
2025-07-08,CNB.AX,10000,0.420,0.445,0.415,0.430,174104,4300.00
2025-07-08,E25.AX,20000,0.225,0.225,0.205,0.225,139364,4500.00
2025-07-08,ERA.AX,700000,0.002,0.002,0.002,0.002,140333,1750.00
2025-07-08,PTR.AX,9412,0.355,0.370,0.355,0.370,303922,3482.44
2025-07-08,VML.AX,6000,0.086,0.090,0.079,0.086,85016,516.00
2025-07-08,WBC.AX,0,33.250,33.680,33.080,33.470,5529051,0.00
2025-07-08,WDS.AX,1288,23.810,23.920,23.500,23.840,3128152,30705.92
2025-07-09,ALK.AX,153181,0.700,0.710,0.685,0.700,2159278,107226.70
2025-07-09,AMP.AX,70000,1.445,1.460,1.430,1.455,9721405,101850.00
2025-07-09,ASM.AX,57458,0.565,0.570,0.555,0.555,59150,31889.19
2025-07-09,BHP.AX,16391,38.300,38.445,37.850,37.850,5880672,620399.32
2025-07-09,CAN.AX,44090,0.015,0.018,0.015,0.016,1508165,705.44
2025-07-09,CBA.AX,0,178.300,180.000,177.030,178.900,1361633,0.00
2025-07-09,CNB.AX,10000,0.450,0.450,0.420,0.425,351990,4250.00
2025-07-09,E25.AX,20000,0.210,0.230,0.210,0.230,58132,4600.00
2025-07-09,ERA.AX,700000,0.002,0.003,0.002,0.003,1458162,2100.00
2025-07-09,PTR.AX,9412,0.365,0.365,0.325,0.340,1111484,3200.08
2025-07-09,VML.AX,6000,0.088,0.110,0.085,0.110,234431,660.00
2025-07-09,WBC.AX,0,33.400,33.890,33.220,33.700,4247989,0.00
2025-07-09,WDS.AX,1288,24.300,24.300,23.970,24.000,4794355,30912.00
2025-07-10,ALK.AX,153181,0.700,0.700,0.665,0.670,1547470,102631.27
2025-07-10,AMP.AX,70000,1.465,1.480,1.445,1.460,8015012,102200.00
2025-07-10,ASM.AX,57458,0.570,0.570,0.530,0.535,173828,30740.03
2025-07-10,BHP.AX,16391,37.880,38.360,37.740,38.300,4923915,627775.29
2025-07-10,CAN.AX,44090,0.017,0.017,0.014,0.014,1483416,617.26
2025-07-10,CBA.AX,0,179.480,181.590,179.000,180.370,1506974,0.00
2025-07-10,CNB.AX,10000,0.430,0.440,0.415,0.440,200874,4400.00
2025-07-10,E25.AX,20000,0.230,0.230,0.215,0.225,68318,4500.00
2025-07-10,ERA.AX,700000,0.003,0.003,0.002,0.002,1192012,1750.00
2025-07-10,PTR.AX,9412,0.330,0.340,0.325,0.325,50168,3058.90
2025-07-10,VML.AX,6000,0.110,0.110,0.086,0.094,261129,564.00
2025-07-10,WBC.AX,0,33.810,34.070,33.750,33.870,3613116,0.00
2025-07-10,WDS.AX,1288,24.150,24.170,23.940,24.000,2493982,30912.00
2025-07-11,ALK.AX,153181,0.680,0.685,0.655,0.660,1825488,101099.46
2025-07-11,AMP.AX,70000,1.460,1.472,1.438,1.460,7917216,102200.00
2025-07-11,ASM.AX,57458,0.570,0.620,0.565,0.580,888119,33325.64
2025-07-11,BHP.AX,16391,39.270,39.640,39.220,39.360,9460902,645149.77
2025-07-11,CAN.AX,44090,0.015,0.017,0.014,0.016,2388646,705.44
2025-07-11,CBA.AX,0,180.570,180.740,178.410,179.420,1396922,0.00
2025-07-11,CNB.AX,10000,0.440,0.460,0.440,0.455,341485,4550.00
2025-07-11,E25.AX,20000,0.230,0.230,0.220,0.225,177356,4500.00
2025-07-11,ERA.AX,700000,0.002,0.003,0.002,0.002,705334,1750.00
2025-07-11,PTR.AX,9412,0.330,0.350,0.320,0.320,332845,3011.84
2025-07-11,VML.AX,6000,0.094,0.097,0.090,0.095,158767,570.00
2025-07-11,WBC.AX,0,33.760,33.900,33.580,33.810,4022898,0.00
2025-07-11,WDS.AX,1288,23.970,24.050,23.860,23.970,2576780,30873.36
2025-07-14,ALK.AX,153181,0.660,0.695,0.655,0.680,1447956,104163.08
2025-07-14,AMP.AX,70000,1.460,1.490,1.445,1.480,5299282,103600.00
2025-07-14,ASM.AX,57458,0.590,0.610,0.565,0.600,371919,34474.80
2025-07-14,BHP.AX,16391,39.590,39.990,39.510,39.730,6582664,651214.42
2025-07-14,CAN.AX,44090,0.017,0.017,0.016,0.016,283161,705.44
2025-07-14,CBA.AX,0,179.100,180.320,178.120,178.720,897592,0.00
2025-07-14,CNB.AX,10000,0.465,0.465,0.445,0.450,254600,4500.00
2025-07-14,E25.AX,20000,0.225,0.235,0.220,0.235,77703,4700.00
2025-07-14,ERA.AX,700000,0.002,0.002,0.002,0.002,98665,1750.00
2025-07-14,PTR.AX,9412,0.320,0.370,0.320,0.360,942643,3388.32
2025-07-14,VML.AX,6000,0.100,0.110,0.096,0.100,113643,600.00
2025-07-14,WBC.AX,0,33.800,33.850,33.520,33.560,2206943,0.00
2025-07-14,WDS.AX,1288,24.150,24.240,23.965,24.070,1990783,31002.16
2025-07-15,ALK.AX,153181,0.675,0.675,0.655,0.665,2614752,101865.37
2025-07-15,AMP.AX,70000,1.485,1.540,1.470,1.530,10605933,107100.00
2025-07-15,ASM.AX,57458,0.625,0.710,0.615,0.705,1477762,40507.89
2025-07-15,BHP.AX,16391,39.620,39.730,39.215,39.390,6061477,645641.48
2025-07-15,CAN.AX,44090,0.017,0.017,0.015,0.016,978304,705.44
2025-07-15,CBA.AX,0,179.500,180.400,178.850,179.760,1012788,0.00
2025-07-15,CNB.AX,10000,0.445,0.455,0.445,0.455,178962,4550.00
2025-07-15,E25.AX,20000,0.225,0.230,0.225,0.225,111250,4500.00
2025-07-15,ERA.AX,700000,0.002,0.002,0.002,0.002,3154,1400.00
2025-07-15,PTR.AX,9412,0.360,0.365,0.355,0.360,156613,3388.32
2025-07-15,VML.AX,6000,0.100,0.110,0.100,0.100,64757,600.00
2025-07-15,WBC.AX,0,33.800,33.960,33.470,33.790,2672315,0.00
2025-07-15,WDS.AX,1288,23.950,24.250,23.900,24.190,2591335,31156.72
2025-07-16,ALK.AX,153181,0.670,0.680,0.663,0.675,1582196,103397.18
2025-07-16,AMP.AX,70000,1.530,1.535,1.500,1.500,5666467,105000.00
2025-07-16,ASM.AX,57458,0.730,0.775,0.680,0.715,1405585,41082.47
2025-07-16,BHP.AX,16391,38.770,39.130,38.660,39.110,6479966,641052.02
2025-07-16,CAN.AX,44090,0.016,0.016,0.015,0.015,570413,661.35
2025-07-16,CBA.AX,0,178.000,178.800,177.165,177.570,1592632,0.00
2025-07-16,CNB.AX,10000,0.455,0.460,0.450,0.450,56245,4500.00
2025-07-16,E25.AX,20000,0.225,0.230,0.225,0.230,82935,4600.00
2025-07-16,ERA.AX,700000,0.002,0.002,0.002,0.002,314896,1400.00
2025-07-16,PTR.AX,9412,0.365,0.370,0.360,0.370,232439,3482.44
2025-07-16,VML.AX,6000,0.100,0.110,0.100,0.100,89342,600.00
2025-07-16,WBC.AX,0,33.480,33.700,33.210,33.300,3801204,0.00
2025-07-16,WDS.AX,1288,24.090,24.210,24.000,24.170,2267042,31130.96
2025-07-17,ALK.AX,153181,0.670,0.670,0.645,0.650,1233242,99567.65
2025-07-17,AMP.AX,70000,1.515,1.545,1.510,1.530,10510366,107100.00
2025-07-17,ASM.AX,57458,0.735,0.735,0.650,0.665,483121,38209.57
2025-07-17,BHP.AX,16391,39.130,39.430,39.060,39.110,7380298,641052.02
2025-07-17,CAN.AX,44090,0.015,0.015,0.015,0.015,356170,661.35
2025-07-17,CBA.AX,0,178.500,180.800,178.000,180.800,2856557,0.00
2025-07-17,CNB.AX,10000,0.445,0.447,0.430,0.430,106403,4300.00
2025-07-17,E25.AX,20000,0.225,0.230,0.225,0.230,4725,4600.00
2025-07-17,ERA.AX,700000,0.002,0.002,0.002,0.002,1580399,1750.00
2025-07-17,PTR.AX,9412,0.370,0.380,0.355,0.365,346314,3435.38
2025-07-17,VML.AX,6000,0.105,0.108,0.100,0.105,109186,630.00
2025-07-17,WBC.AX,0,33.420,33.790,33.330,33.700,4060220,0.00
2025-07-17,WDS.AX,1288,24.250,24.250,23.980,24.150,2748579,31105.20
2025-07-18,ALK.AX,153181,0.660,0.660,0.645,0.650,1767135,99567.65
2025-07-18,AMP.AX,70000,1.540,1.545,1.520,1.535,5435419,107450.00
2025-07-18,ASM.AX,57458,0.665,0.710,0.655,0.690,438944,39646.02
2025-07-18,BHP.AX,16391,39.820,40.400,39.670,40.290,14757261,660393.41
2025-07-18,CAN.AX,44090,0.015,0.015,0.015,0.015,1352754,661.35
2025-07-18,CBA.AX,0,180.480,183.470,180.000,182.460,3632614,0.00
2025-07-18,CNB.AX,10000,0.435,0.455,0.435,0.445,187162,4450.00
2025-07-18,E25.AX,20000,0.220,0.235,0.220,0.235,18070,4700.00
2025-07-18,ERA.AX,700000,0.003,0.003,0.002,0.002,1381174,1750.00
2025-07-18,PTR.AX,9412,0.370,0.385,0.360,0.360,474912,3388.32
2025-07-18,VML.AX,6000,0.110,0.110,0.105,0.105,99984,630.00
2025-07-18,WBC.AX,0,33.680,34.460,33.660,34.310,5949786,0.00
2025-07-18,WDS.AX,1288,24.360,24.560,24.225,24.400,4681095,31427.20
2025-07-21,ALK.AX,153181,0.645,0.652,0.640,0.650,695905,99567.65
2025-07-21,AMP.AX,70000,1.575,1.685,1.575,1.685,26074377,117950.00
2025-07-21,ASM.AX,57458,0.665,0.720,0.665,0.705,345296,40507.89
2025-07-21,BHP.AX,16391,40.000,40.750,39.930,40.460,9694458,663179.84
2025-07-21,CAN.AX,44090,0.015,0.015,0.015,0.015,612401,683.39
2025-07-21,CBA.AX,0,181.500,181.600,176.900,177.870,1341894,0.00
2025-07-21,CNB.AX,10000,0.450,0.450,0.420,0.430,246122,4300.00
2025-07-21,E25.AX,20000,0.225,0.230,0.225,0.230,46597,4600.00
2025-07-21,ERA.AX,700000,0.003,0.003,0.002,0.002,560446,1750.00
2025-07-21,PTR.AX,9412,0.370,0.380,0.360,0.370,164549,3482.44
2025-07-21,VML.AX,6000,0.105,0.105,0.100,0.100,106096,600.00
2025-07-21,WBC.AX,0,34.030,34.095,32.940,33.070,4300889,0.00
2025-07-21,WDS.AX,1288,24.300,24.750,24.250,24.750,1822119,31878.00
2025-07-22,ALK.AX,153181,0.665,0.675,0.655,0.655,2373037,100333.55
2025-07-22,AMP.AX,70000,1.655,1.690,1.605,1.685,12385766,117950.00
2025-07-22,ASM.AX,57458,0.710,0.710,0.680,0.685,382851,39358.73
2025-07-22,BHP.AX,16391,40.890,41.690,40.770,41.510,11430702,680390.38
2025-07-22,CAN.AX,44090,0.015,0.015,0.014,0.015,821604,661.35
2025-07-22,CBA.AX,0,177.890,177.990,171.550,172.420,2384136,0.00
2025-07-22,CNB.AX,10000,0.420,0.420,0.415,0.420,50914,4200.00
2025-07-22,E25.AX,20000,0.230,0.235,0.225,0.235,194547,4700.00
2025-07-22,ERA.AX,700000,0.002,0.002,0.002,0.002,684248,1750.00
2025-07-22,PTR.AX,9412,0.370,0.380,0.370,0.370,10435,3482.44
2025-07-22,VML.AX,6000,0.100,0.105,0.100,0.105,88650,630.00
2025-07-22,WBC.AX,0,33.120,33.290,32.380,32.650,6001355,0.00
2025-07-22,WDS.AX,1288,24.580,24.850,24.410,24.850,3294709,32006.80
2025-07-23,ALK.AX,153181,0.675,0.705,0.665,0.690,2816599,105694.89
2025-07-23,AMP.AX,70000,1.690,1.692,1.640,1.655,9605622,115850.00
2025-07-23,ASM.AX,57458,0.685,0.775,0.685,0.720,1156595,41369.76
2025-07-23,BHP.AX,16391,41.860,42.390,41.810,41.850,9875107,685963.32
2025-07-23,CAN.AX,44090,0.015,0.015,0.014,0.015,171081,661.35
2025-07-23,CBA.AX,0,172.590,173.850,170.670,173.300,2172774,0.00
2025-07-23,CNB.AX,10000,0.420,0.420,0.415,0.420,37295,4200.00
2025-07-23,E25.AX,20000,0.235,0.260,0.235,0.260,290662,5200.00
2025-07-23,ERA.AX,700000,0.002,0.002,0.002,0.002,97999,1750.00
2025-07-23,PTR.AX,9412,0.380,0.385,0.370,0.380,434216,3576.56
2025-07-23,VML.AX,6000,0.105,0.110,0.105,0.110,122484,660.00
2025-07-23,WBC.AX,0,32.870,33.230,32.550,33.110,4023281,0.00
2025-07-23,WDS.AX,1288,25.130,25.440,24.870,25.210,4635192,32470.48
2025-07-24,ALK.AX,153181,0.690,0.705,0.680,0.700,2977416,107226.70
2025-07-24,AMP.AX,70000,1.670,1.675,1.655,1.670,7762806,116900.00
2025-07-24,ASM.AX,57458,0.720,0.720,0.720,0.720,0,41369.76
2025-07-24,BHP.AX,16391,41.990,42.070,41.460,41.600,8832638,681865.57
2025-07-24,CAN.AX,44090,0.015,0.015,0.014,0.015,519590,661.35
2025-07-24,CBA.AX,0,173.970,174.740,172.260,173.470,1622393,0.00
2025-07-24,CNB.AX,10000,0.415,0.420,0.410,0.420,125860,4200.00
2025-07-24,E25.AX,20000,0.270,0.270,0.255,0.255,188531,5100.00
2025-07-24,ERA.AX,700000,0.002,0.002,0.002,0.002,396642,1750.00
2025-07-24,PTR.AX,9412,0.380,0.380,0.360,0.375,96988,3529.50
2025-07-24,VML.AX,6000,0.110,0.110,0.100,0.100,197435,600.00
2025-07-24,WBC.AX,0,33.320,33.440,33.070,33.290,3475885,0.00
2025-07-24,WDS.AX,1288,25.550,25.740,25.260,25.260,4724666,32534.88
2025-07-25,ALK.AX,153181,0.700,0.725,0.690,0.710,2734795,108758.51
2025-07-25,AMP.AX,70000,1.670,1.670,1.565,1.590,15750133,111300.00
2025-07-25,ASM.AX,57458,0.720,0.720,0.720,0.720,0,41369.76
2025-07-25,BHP.AX,16391,40.860,41.140,40.660,40.800,7481253,668752.79
2025-07-25,CAN.AX,44090,0.015,0.015,0.015,0.015,56505,661.35
2025-07-25,CBA.AX,0,173.400,173.610,170.970,172.870,1626092,0.00
2025-07-25,CNB.AX,10000,0.415,0.415,0.390,0.390,263925,3900.00
2025-07-25,E25.AX,20000,0.265,0.290,0.255,0.280,521952,5600.00
2025-07-25,ERA.AX,700000,0.002,0.003,0.002,0.002,4141288,1750.00
2025-07-25,PTR.AX,9412,0.375,0.375,0.370,0.375,47196,3529.50
2025-07-25,VML.AX,6000,0.110,0.110,0.100,0.100,48753,600.00
2025-07-25,WBC.AX,0,33.240,33.350,32.820,33.030,3205525,0.00
2025-07-25,WDS.AX,1288,25.350,26.325,25.280,26.200,7292553,33745.60
2025-07-28,ALK.AX,153181,0.720,0.740,0.710,0.720,2098528,110290.32
2025-07-28,AMP.AX,70000,1.590,1.615,1.585,1.595,6565474,111650.00
2025-07-28,ASM.AX,57458,0.595,0.615,0.585,0.590,3124108,33900.22
2025-07-28,BHP.AX,16391,40.570,40.710,40.200,40.300,6193873,660557.29
2025-07-28,CAN.AX,44090,0.015,0.015,0.014,0.014,274274,617.26
2025-07-28,CBA.AX,0,172.500,174.900,171.600,174.900,1249203,0.00
2025-07-28,CNB.AX,10000,0.395,0.400,0.390,0.390,136250,3900.00
2025-07-28,E25.AX,20000,0.280,0.280,0.265,0.265,68787,5300.00
2025-07-28,ERA.AX,700000,0.002,0.003,0.002,0.002,378650,1750.00
2025-07-28,PTR.AX,9412,0.375,0.385,0.370,0.380,357380,3576.56
2025-07-28,VML.AX,6000,0.110,0.130,0.100,0.105,983058,630.00
2025-07-28,WBC.AX,0,33.000,33.215,32.900,33.210,2409846,0.00
2025-07-28,WDS.AX,1288,26.190,26.490,26.040,26.190,3473886,33732.72
2025-07-29,ALK.AX,153181,0.715,0.720,0.700,0.710,2399464,108758.51
2025-07-29,AMP.AX,70000,1.595,1.620,1.585,1.610,5224099,112700.00
2025-07-29,ASM.AX,57458,0.590,0.595,0.585,0.590,513760,33900.22
2025-07-29,BHP.AX,16391,40.150,40.540,40.000,40.420,5510084,662524.19
2025-07-29,CAN.AX,44090,0.015,0.015,0.014,0.014,1021905,617.26
2025-07-29,CBA.AX,0,173.880,174.640,172.530,174.290,1313893,0.00
2025-07-29,CNB.AX,10000,0.390,0.390,0.375,0.385,199195,3850.00
2025-07-29,E25.AX,20000,0.270,0.275,0.260,0.275,248964,5500.00
2025-07-29,ERA.AX,700000,0.002,0.002,0.002,0.002,2000000,1400.00
2025-07-29,PTR.AX,9412,0.385,0.400,0.380,0.390,503900,3670.68
2025-07-29,VML.AX,6000,0.105,0.115,0.105,0.115,147385,690.00
2025-07-29,WBC.AX,0,32.890,33.190,32.690,33.190,2752302,0.00
2025-07-29,WDS.AX,1288,26.300,26.670,26.250,26.600,5026246,34260.80
2025-07-30,ALK.AX,153181,0.730,0.760,0.717,0.755,1718339,115651.65
2025-07-30,AMP.AX,70000,1.600,1.615,1.590,1.610,6888402,112700.00
2025-07-30,ASM.AX,57458,0.590,0.590,0.570,0.570,660041,32751.06
2025-07-30,BHP.AX,16391,40.250,40.570,40.200,40.220,5662040,659246.04
2025-07-30,CAN.AX,44090,0.014,0.015,0.013,0.014,534132,617.26
2025-07-30,CBA.AX,0,173.970,177.600,173.250,176.990,1817808,0.00
2025-07-30,CNB.AX,10000,0.385,0.395,0.385,0.390,44595,3900.00
2025-07-30,E25.AX,20000,0.275,0.275,0.260,0.265,64451,5300.00
2025-07-30,ERA.AX,700000,0.002,0.003,0.002,0.002,1152408,1750.00
2025-07-30,PTR.AX,9412,0.380,0.390,0.375,0.380,71600,3576.56
2025-07-30,VML.AX,6000,0.110,0.115,0.110,0.115,63170,690.00
2025-07-30,WBC.AX,0,33.130,33.760,33.000,33.720,3883812,0.00
2025-07-30,WDS.AX,1288,27.000,27.070,26.490,26.570,5448283,34222.16
2025-07-31,ALK.AX,153181,0.740,0.740,0.710,0.715,3123744,109524.41
2025-07-31,AMP.AX,70000,1.610,1.610,1.582,1.600,9779339,112000.00
2025-07-31,ASM.AX,57458,0.560,0.560,0.545,0.545,610129,31314.61
2025-07-31,BHP.AX,16391,39.270,39.685,39.180,39.250,11994238,643346.75
2025-07-31,CAN.AX,44090,0.014,0.016,0.014,0.015,1687072,661.35
2025-07-31,CBA.AX,0,177.110,178.190,176.110,177.910,1918660,0.00
2025-07-31,CNB.AX,10000,0.375,0.375,0.355,0.375,418028,3750.00
2025-07-31,E25.AX,20000,0.265,0.265,0.250,0.255,192755,5100.00
2025-07-31,ERA.AX,700000,0.003,0.003,0.002,0.002,2942132,1750.00
2025-07-31,PTR.AX,9412,0.370,0.380,0.370,0.370,65018,3482.44
2025-07-31,VML.AX,6000,0.115,0.115,0.105,0.105,102369,630.00
2025-07-31,WBC.AX,0,33.450,33.910,33.450,33.820,4249999,0.00
2025-07-31,WDS.AX,1288,26.460,26.630,26.240,26.590,4275019,34247.92
2025-08-01,ALK.AX,153181,0.720,0.723,0.700,0.700,3152395,107226.70
2025-08-01,AMP.AX,70000,1.580,1.633,1.575,1.630,11128903,114100.00
2025-08-01,ASM.AX,57458,0.545,0.555,0.540,0.545,724813,31314.61
2025-08-01,BHP.AX,16391,39.450,39.690,39.220,39.220,7455836,642855.04
2025-08-01,CAN.AX,44090,0.016,0.016,0.014,0.015,1608169,661.35
2025-08-01,CBA.AX,0,176.000,176.860,174.620,175.060,1725512,0.00
2025-08-01,CNB.AX,10000,0.375,0.375,0.350,0.355,135059,3550.00
2025-08-01,E25.AX,20000,0.255,0.255,0.250,0.250,7519,5000.00
2025-08-01,ERA.AX,700000,0.002,0.002,0.002,0.002,120000,1750.00
2025-08-01,PTR.AX,9412,0.370,0.370,0.350,0.365,162409,3435.38
2025-08-01,VML.AX,6000,0.105,0.105,0.089,0.094,1009861,564.00
2025-08-01,WBC.AX,0,33.580,33.660,33.290,33.450,3434805,0.00
2025-08-01,WDS.AX,1288,26.400,26.590,26.210,26.530,2647575,34170.64
2025-08-04,ALK.AX,153181,0.710,0.715,0.700,0.705,2214720,107992.60
2025-08-04,AMP.AX,70000,1.600,1.620,1.595,1.600,5808405,112000.00
2025-08-04,ASM.AX,57458,0.545,0.550,0.535,0.545,732243,31314.61
2025-08-04,BHP.AX,16391,39.380,39.760,39.180,39.590,4916672,648919.69
2025-08-04,CAN.AX,44090,0.015,0.015,0.014,0.015,555505,661.35
2025-08-04,CBA.AX,0,174.000,174.930,173.430,174.930,1178894,0.00
2025-08-04,CNB.AX,10000,0.350,0.365,0.350,0.360,228809,3600.00
2025-08-04,E25.AX,20000,0.250,0.250,0.240,0.250,193611,5000.00
2025-08-04,ERA.AX,700000,0.002,0.002,0.002,0.002,235178,1750.00
2025-08-04,PTR.AX,9412,0.365,0.365,0.350,0.350,169215,3294.20
2025-08-04,VML.AX,6000,0.090,0.100,0.090,0.100,146051,600.00
2025-08-04,WBC.AX,0,33.440,33.440,33.050,33.200,2408638,0.00
2025-08-04,WDS.AX,1288,26.000,26.230,25.920,26.190,3374321,33732.72
2025-08-05,ALK.AX,153181,0.715,0.745,0.710,0.735,5199627,112588.04
2025-08-05,AMP.AX,70000,1.620,1.645,1.617,1.640,7581648,114800.00
2025-08-05,ASM.AX,57458,0.565,0.580,0.555,0.560,2356462,32176.48
2025-08-05,BHP.AX,16391,39.810,40.110,39.740,39.800,4548811,652361.79
2025-08-05,CAN.AX,44090,0.015,0.015,0.013,0.014,684169,617.26
2025-08-05,CBA.AX,0,175.680,177.635,175.060,177.340,1356835,0.00
2025-08-05,CNB.AX,10000,0.360,0.395,0.360,0.385,212613,3850.00
2025-08-05,E25.AX,20000,0.252,0.265,0.240,0.255,57144,5100.00
2025-08-05,ERA.AX,700000,0.002,0.002,0.002,0.002,235000,1400.00
2025-08-05,PTR.AX,9412,0.370,0.370,0.350,0.360,244301,3388.32
2025-08-05,VML.AX,6000,0.100,0.100,0.091,0.095,53733,570.00
2025-08-05,WBC.AX,0,33.400,33.660,33.320,33.660,3076487,0.00
2025-08-05,WDS.AX,1288,26.400,26.570,26.350,26.560,3016753,34209.28
2025-08-06,ALK.AX,153181,0.750,0.785,0.735,0.775,7959794,118715.27
2025-08-06,AMP.AX,70000,1.635,1.675,1.635,1.670,10354028,116900.00
2025-08-06,ASM.AX,57458,0.570,0.575,0.555,0.565,616843,32463.77
2025-08-06,BHP.AX,16391,39.790,40.200,39.695,39.900,6271454,654000.93
2025-08-06,CAN.AX,44090,0.014,0.014,0.013,0.014,775537,617.26
2025-08-06,CBA.AX,0,177.600,179.860,177.450,179.080,1244593,0.00
2025-08-06,CNB.AX,10000,0.390,0.390,0.365,0.375,493392,3750.00
2025-08-06,E25.AX,20000,0.270,0.275,0.255,0.275,124696,5500.00
2025-08-06,ERA.AX,700000,0.002,0.002,0.002,0.002,703738,1750.00
2025-08-06,PTR.AX,9412,0.360,0.360,0.330,0.345,343563,3247.14
2025-08-06,VML.AX,6000,0.096,0.097,0.092,0.092,81155,552.00
2025-08-06,WBC.AX,0,33.750,34.000,33.700,33.910,3296744,0.00
2025-08-06,WDS.AX,1288,26.750,27.020,26.600,26.900,3721378,34647.20
2025-08-07,ALK.AX,153181,0.780,0.835,0.770,0.830,5355322,127140.23
2025-08-07,AMP.AX,70000,1.600,1.780,1.600,1.750,23639039,122500.00
2025-08-07,ASM.AX,57458,0.570,0.595,0.565,0.570,784132,32751.06
2025-08-07,BHP.AX,16391,39.980,40.030,39.680,39.870,5398124,653509.15
2025-08-07,CAN.AX,44090,0.014,0.014,0.013,0.014,461604,617.26
2025-08-07,CBA.AX,0,179.300,179.540,177.630,178.130,1188987,0.00
2025-08-07,CNB.AX,10000,0.375,0.375,0.350,0.360,490943,3600.00
2025-08-07,E25.AX,20000,0.265,0.300,0.265,0.295,360145,5900.00
2025-08-07,ERA.AX,700000,0.002,0.002,0.002,0.002,128438,1750.00
2025-08-07,PTR.AX,9412,0.345,0.345,0.330,0.340,67820,3200.08
2025-08-07,VML.AX,6000,0.093,0.093,0.093,0.093,11538,558.00
2025-08-07,WBC.AX,0,33.900,34.000,33.650,33.990,2953742,0.00
2025-08-07,WDS.AX,1288,26.900,27.000,26.730,27.000,2817418,34776.00
2025-08-08,ALK.AX,153181,0.840,0.858,0.820,0.845,5485625,129437.95
2025-08-08,AMP.AX,70000,1.790,1.885,1.775,1.875,31298745,131250.00
2025-08-08,ASM.AX,57458,0.580,0.585,0.570,0.585,486955,33612.93
2025-08-08,BHP.AX,16391,40.070,40.380,39.900,40.210,6130664,659082.09
2025-08-08,CAN.AX,44090,0.014,0.014,0.013,0.013,215631,573.17
2025-08-08,CBA.AX,0,176.930,177.980,176.200,176.610,1239266,0.00
2025-08-08,CNB.AX,10000,0.360,0.360,0.340,0.355,516708,3550.00
2025-08-08,E25.AX,20000,0.290,0.305,0.278,0.305,513828,6100.00
2025-08-08,ERA.AX,700000,0.002,0.002,0.002,0.002,417063,1400.00
2025-08-08,PTR.AX,9412,0.350,0.355,0.340,0.355,65454,3341.26
2025-08-08,VML.AX,6000,0.093,0.095,0.092,0.095,28841,570.00
2025-08-08,WBC.AX,0,33.680,33.910,33.530,33.660,2930149,0.00
2025-08-08,WDS.AX,1288,26.750,26.975,26.630,26.830,3340623,34557.04
2025-08-11,ALK.AX,153181,0.855,0.890,0.850,0.890,2790514,136331.09
2025-08-11,AMP.AX,70000,1.845,1.855,1.740,1.740,15385519,121800.00
2025-08-11,ASM.AX,57458,0.585,0.605,0.575,0.590,1416291,33900.22
2025-08-11,BHP.AX,16391,40.700,40.980,40.650,40.870,4867453,669900.15
2025-08-11,CAN.AX,44090,0.013,0.014,0.012,0.013,1828510,573.17
2025-08-11,CBA.AX,0,177.100,178.600,176.650,178.600,1129524,0.00
2025-08-11,CNB.AX,10000,0.355,0.365,0.350,0.355,81000,3550.00
2025-08-11,E25.AX,20000,0.305,0.310,0.280,0.305,396501,6100.00
2025-08-11,ERA.AX,700000,0.002,0.002,0.002,0.002,1927490,1400.00
2025-08-11,PTR.AX,9412,0.360,0.370,0.355,0.360,120106,3388.32
2025-08-11,VML.AX,6000,0.095,0.095,0.093,0.095,20102,570.00
2025-08-11,WBC.AX,0,33.890,34.310,33.710,34.310,3923020,0.00
2025-08-11,WDS.AX,1288,26.830,27.020,26.830,27.020,2475078,34801.76
2025-08-12,ALK.AX,153181,0.795,0.815,0.765,0.805,7429777,123310.71
2025-08-12,AMP.AX,70000,1.735,1.765,1.707,1.710,8962646,119700.00
2025-08-12,ASM.AX,57458,0.595,0.608,0.580,0.580,723182,33325.64
2025-08-12,BHP.AX,16391,40.990,41.350,40.820,41.260,6893144,676292.63
2025-08-12,CAN.AX,44090,0.013,0.014,0.013,0.014,883728,617.26
2025-08-12,CBA.AX,0,178.600,180.000,178.055,178.800,1888777,0.00
2025-08-12,CNB.AX,10000,0.350,0.355,0.340,0.350,207202,3500.00
2025-08-12,E25.AX,20000,0.295,0.315,0.295,0.300,294739,6000.00
2025-08-12,ERA.AX,700000,0.002,0.002,0.002,0.002,207608,1750.00
2025-08-12,PTR.AX,9412,0.360,0.370,0.350,0.350,55074,3294.20
2025-08-12,VML.AX,6000,0.095,0.100,0.093,0.100,84451,600.00
2025-08-12,WBC.AX,0,34.300,34.760,34.260,34.630,5307171,0.00
2025-08-12,WDS.AX,1288,27.000,27.050,26.860,27.020,2791302,34801.76
2025-08-13,ALK.AX,153181,0.805,0.830,0.785,0.820,5615747,125608.42
2025-08-13,AMP.AX,70000,1.730,1.763,1.712,1.735,7990283,121450.00
2025-08-13,ASM.AX,57458,0.590,0.600,0.580,0.580,636079,33325.64
2025-08-13,BHP.AX,16391,41.420,41.950,41.410,41.730,8188549,683996.42
2025-08-13,CAN.AX,44090,0.013,0.014,0.013,0.013,998888,573.17
2025-08-13,CBA.AX,0,176.880,177.700,167.430,169.120,4412606,0.00
2025-08-13,CNB.AX,10000,0.345,0.350,0.335,0.340,300151,3400.00
2025-08-13,E25.AX,20000,0.300,0.305,0.290,0.300,175889,6000.00
2025-08-13,ERA.AX,700000,0.002,0.002,0.002,0.002,5176651,1750.00
2025-08-13,PTR.AX,9412,0.350,0.355,0.350,0.350,86869,3294.20
2025-08-13,VML.AX,6000,0.097,0.100,0.095,0.098,140635,588.00
2025-08-13,WBC.AX,0,34.640,34.720,33.790,33.900,4661340,0.00
2025-08-13,WDS.AX,1288,26.990,27.100,26.780,26.780,3511035,34492.64
2025-08-14,ALK.AX,153181,0.820,0.855,0.820,0.835,8118330,127906.13
2025-08-14,AMP.AX,70000,1.740,1.790,1.740,1.775,6822386,124250.00
2025-08-14,ASM.AX,57458,0.590,0.592,0.565,0.565,936041,32463.77
2025-08-14,BHP.AX,16391,41.850,42.060,41.270,41.510,7815890,680390.38
2025-08-14,CAN.AX,44090,0.014,0.016,0.014,0.016,1108697,705.44
2025-08-14,CBA.AX,0,167.120,168.970,166.550,167.210,2943953,0.00
2025-08-14,CNB.AX,10000,0.340,0.343,0.330,0.340,390528,3400.00
2025-08-14,E25.AX,20000,0.290,0.290,0.280,0.290,21726,5800.00
2025-08-14,ERA.AX,700000,0.002,0.002,0.002,0.002,4075333,1400.00
2025-08-14,PTR.AX,9412,0.355,0.360,0.350,0.355,295111,3341.26
2025-08-14,VML.AX,6000,0.099,0.100,0.099,0.100,38460,600.00
2025-08-14,WBC.AX,0,35.550,36.280,35.200,36.040,11629438,0.00
2025-08-14,WDS.AX,1288,26.850,26.960,26.670,26.760,2603701,34466.88
2025-08-15,ALK.AX,153181,0.855,0.885,0.840,0.880,5020079,134799.28
2025-08-15,AMP.AX,70000,1.780,1.827,1.775,1.825,14241359,127750.00
2025-08-15,ASM.AX,57458,0.575,0.577,0.550,0.575,874743,33038.35
2025-08-15,BHP.AX,16391,41.550,41.960,41.390,41.960,6932247,687766.34
2025-08-15,CAN.AX,44090,0.016,0.016,0.014,0.014,721467,617.26
2025-08-15,CBA.AX,0,166.750,168.730,165.240,168.170,3133677,0.00
2025-08-15,CNB.AX,10000,0.330,0.340,0.320,0.340,512794,3400.00
2025-08-15,E25.AX,20000,0.295,0.295,0.295,0.295,80617,5900.00
2025-08-15,ERA.AX,700000,0.002,0.002,0.002,0.002,1185914,1400.00
2025-08-15,PTR.AX,9412,0.360,0.360,0.345,0.360,293363,3388.32
2025-08-15,VML.AX,6000,0.099,0.110,0.098,0.110,363877,660.00
2025-08-15,WBC.AX,0,36.210,36.960,36.060,36.810,8705967,0.00
2025-08-15,WDS.AX,1288,26.980,26.980,26.670,26.820,3340376,34544.16
2025-08-18,ALK.AX,153181,0.890,0.950,0.885,0.945,8113500,144756.04
2025-08-18,AMP.AX,70000,1.815,1.825,1.770,1.770,5043523,123900.00
2025-08-18,ASM.AX,57458,0.575,0.585,0.565,0.580,857312,33325.64
2025-08-18,BHP.AX,16391,41.770,41.935,41.450,41.470,5271204,679734.79
2025-08-18,CAN.AX,44090,0.014,0.014,0.014,0.014,515268,617.26
2025-08-18,CBA.AX,0,168.330,170.310,168.120,170.190,1664555,0.00
2025-08-18,CNB.AX,10000,0.340,0.345,0.330,0.340,145050,3400.00
2025-08-18,E25.AX,20000,0.300,0.315,0.290,0.315,208589,6300.00
2025-08-18,ERA.AX,700000,0.002,0.002,0.002,0.002,1321373,1750.00
2025-08-18,PTR.AX,9412,0.360,0.360,0.345,0.355,168042,3341.26
2025-08-18,VML.AX,6000,0.115,0.150,0.115,0.140,1850545,840.00
2025-08-18,WBC.AX,0,36.480,37.190,36.450,37.070,5577079,0.00
2025-08-18,WDS.AX,1288,26.750,26.900,26.620,26.890,3368216,34634.32
2025-08-19,ALK.AX,153181,0.935,0.945,0.915,0.930,3370892,142458.33
2025-08-19,AMP.AX,70000,1.765,1.770,1.747,1.770,3203783,123900.00
2025-08-19,ASM.AX,57458,0.575,0.582,0.570,0.575,649010,33038.35
2025-08-19,BHP.AX,16391,41.600,42.250,41.340,42.120,10003525,690388.90
2025-08-19,CAN.AX,44090,0.015,0.015,0.014,0.014,723329,617.26
2025-08-19,CBA.AX,0,171.200,171.830,170.220,171.050,2161338,0.00
2025-08-19,CNB.AX,10000,0.340,0.345,0.330,0.340,94182,3400.00
2025-08-19,E25.AX,20000,0.315,0.335,0.305,0.335,377628,6700.00
2025-08-19,ERA.AX,700000,0.002,0.002,0.002,0.002,3716953,1400.00
2025-08-19,PTR.AX,9412,0.350,0.360,0.335,0.335,197796,3153.02
2025-08-19,VML.AX,6000,0.140,0.140,0.140,0.140,0,840.00
2025-08-19,WBC.AX,0,37.000,37.310,36.920,37.310,6504782,0.00
2025-08-19,WDS.AX,1288,26.750,27.150,26.020,26.140,6129915,33668.32
2025-08-20,ALK.AX,153181,0.910,0.923,0.875,0.910,4206572,139394.71
2025-08-20,AMP.AX,70000,1.780,1.790,1.755,1.770,5286258,123900.00
2025-08-20,ASM.AX,57458,0.575,0.580,0.555,0.560,826900,32176.48
2025-08-20,BHP.AX,16391,41.390,42.050,40.900,41.750,10296580,684324.25
2025-08-20,CAN.AX,44090,0.015,0.015,0.014,0.014,515289,617.26
2025-08-20,CBA.AX,0,169.010,174.140,168.960,172.400,3195377,0.00
2025-08-20,CNB.AX,10000,0.340,0.340,0.310,0.320,620231,3200.00
2025-08-20,E25.AX,20000,0.335,0.335,0.305,0.310,138005,6200.00
2025-08-20,ERA.AX,700000,0.002,0.003,0.002,0.002,39228446,1400.00
2025-08-20,PTR.AX,9412,0.335,0.340,0.330,0.330,514387,3105.96
2025-08-20,VML.AX,6000,0.140,0.140,0.140,0.140,0,840.00
2025-08-20,WBC.AX,0,37.670,38.470,37.370,38.230,6769311,0.00
2025-08-20,WDS.AX,1288,26.180,26.300,25.700,26.160,5564965,33694.08
2025-08-21,ALK.AX,153181,0.895,0.933,0.895,0.925,3428558,141692.43
2025-08-21,AMP.AX,70000,1.760,1.770,1.742,1.750,6697104,122500.00
2025-08-21,ASM.AX,57458,0.570,0.580,0.555,0.575,349234,33038.35
2025-08-21,BHP.AX,16391,41.900,42.120,41.680,42.060,9435127,689405.48
2025-08-21,CAN.AX,44090,0.014,0.015,0.013,0.015,894764,661.35
2025-08-21,CBA.AX,0,174.230,174.400,172.030,173.800,2274857,0.00
2025-08-21,CNB.AX,10000,0.320,0.325,0.305,0.325,201235,3250.00
2025-08-21,E25.AX,20000,0.310,0.310,0.290,0.310,418223,6200.00
2025-08-21,ERA.AX,700000,0.002,0.003,0.002,0.002,1400041,1400.00
2025-08-21,PTR.AX,9412,0.330,0.340,0.315,0.320,578378,3011.84
2025-08-21,VML.AX,6000,0.140,0.140,0.140,0.140,0,840.00
2025-08-21,WBC.AX,0,38.640,38.800,38.175,38.730,7668347,0.00
2025-08-21,WDS.AX,1288,26.400,26.650,26.170,26.510,5045052,34144.88
2025-08-22,ALK.AX,153181,0.930,0.955,0.910,0.915,5180393,140160.62
2025-08-22,AMP.AX,70000,1.750,1.755,1.730,1.735,6221820,121450.00
2025-08-22,ASM.AX,57458,0.565,0.585,0.565,0.570,516764,32751.06
2025-08-22,BHP.AX,16391,42.660,42.810,42.000,42.000,13494593,688422.00
2025-08-22,CAN.AX,44090,0.014,0.014,0.014,0.014,680060,617.26
2025-08-22,CBA.AX,0,173.670,174.500,172.500,172.840,3023915,0.00
2025-08-22,CNB.AX,10000,0.330,0.335,0.320,0.330,274417,3300.00
2025-08-22,E25.AX,20000,0.305,0.320,0.300,0.305,170055,6100.00
2025-08-22,ERA.AX,700000,0.002,0.003,0.002,0.002,6818366,1400.00
2025-08-22,PTR.AX,9412,0.315,0.325,0.315,0.320,170264,3011.84
2025-08-22,VML.AX,6000,0.140,0.140,0.140,0.140,0,840.00
2025-08-22,WBC.AX,0,38.710,39.130,38.640,38.980,8564878,0.00
2025-08-22,WDS.AX,1288,26.720,26.900,26.610,26.610,5904830,34273.68
2025-08-25,ALK.AX,153181,0.955,1.020,0.955,0.985,10467313,150883.29
2025-08-25,AMP.AX,70000,1.750,1.798,1.750,1.760,8113300,123200.00
2025-08-25,ASM.AX,57458,0.580,0.595,0.580,0.585,643036,33612.93
2025-08-25,BHP.AX,16391,42.900,43.340,42.820,43.140,9440006,707107.73
2025-08-25,CAN.AX,44090,0.013,0.014,0.012,0.012,3498634,529.08
2025-08-25,CBA.AX,0,173.950,174.100,169.300,170.300,2121993,0.00
2025-08-25,CNB.AX,10000,0.320,0.335,0.310,0.310,496481,3100.00
2025-08-25,E25.AX,20000,0.305,0.320,0.305,0.320,144745,6400.00
2025-08-25,ERA.AX,700000,0.002,0.002,0.002,0.002,641340,1400.00
2025-08-25,PTR.AX,9412,0.330,0.355,0.320,0.325,449834,3058.90
2025-08-25,VML.AX,6000,0.145,0.170,0.130,0.130,1654390,780.00
2025-08-25,WBC.AX,0,39.150,39.280,38.155,38.290,7337783,0.00
2025-08-25,WDS.AX,1288,26.850,27.030,26.750,26.850,5154676,34582.80
2025-08-26,ALK.AX,153181,0.970,0.970,0.945,0.965,6326577,147819.66
2025-08-26,AMP.AX,70000,1.750,1.765,1.712,1.720,9721101,120400.00
2025-08-26,ASM.AX,57458,0.590,0.592,0.565,0.570,552068,32751.06
2025-08-26,BHP.AX,16391,43.000,43.020,42.590,42.650,10597760,699076.18
2025-08-26,CAN.AX,44090,0.012,0.013,0.012,0.012,622767,529.08
2025-08-26,CBA.AX,0,170.300,171.760,168.800,169.080,2527097,0.00
2025-08-26,CNB.AX,10000,0.310,0.335,0.310,0.315,216228,3150.00
2025-08-26,E25.AX,20000,0.310,0.330,0.310,0.330,100127,6600.00
2025-08-26,ERA.AX,700000,0.002,0.003,0.002,0.002,714289,1750.00
2025-08-26,PTR.AX,9412,0.330,0.330,0.315,0.320,218946,3011.84
2025-08-26,VML.AX,6000,0.130,0.165,0.130,0.165,557200,990.00
2025-08-26,WBC.AX,0,38.220,38.490,38.020,38.300,5050589,0.00
2025-08-26,WDS.AX,1288,27.100,27.300,26.665,27.030,7501868,34814.64
2025-08-27,ALK.AX,153181,0.990,1.055,0.975,1.040,7693781,159308.23
2025-08-27,AMP.AX,70000,1.730,1.730,1.695,1.720,4526852,120400.00
2025-08-27,ASM.AX,57458,0.575,0.585,0.565,0.580,298482,33325.64
2025-08-27,BHP.AX,16391,42.700,43.220,42.590,43.220,5993473,708419.04
2025-08-27,CAN.AX,44090,0.012,0.013,0.012,0.012,890131,529.08
2025-08-27,CBA.AX,0,170.240,171.490,169.275,169.830,1134394,0.00
2025-08-27,CNB.AX,10000,0.310,0.325,0.310,0.320,36708,3200.00
2025-08-27,E25.AX,20000,0.330,0.330,0.320,0.320,55734,6400.00
2025-08-27,ERA.AX,700000,0.002,0.002,0.002,0.002,29734,1750.00
2025-08-27,PTR.AX,9412,0.320,0.335,0.303,0.330,663419,3105.96
2025-08-27,VML.AX,6000,0.170,0.260,0.170,0.210,1754048,1260.00
2025-08-27,WBC.AX,0,38.400,38.500,38.230,38.500,2631970,0.00
2025-08-27,WDS.AX,1288,27.010,27.210,26.970,27.080,4683533,34879.04
2025-08-28,ALK.AX,153181,1.045,1.082,1.035,1.050,6287204,160840.04
2025-08-28,AMP.AX,70000,1.730,1.730,1.695,1.695,2008647,118650.00
2025-08-28,ASM.AX,57458,0.590,0.625,0.585,0.605,2380768,34762.09
2025-08-28,BHP.AX,16391,42.910,43.060,42.760,43.010,6259702,704976.88
2025-08-28,CAN.AX,44090,0.012,0.014,0.012,0.012,2215128,529.08
2025-08-28,CBA.AX,0,170.370,173.350,170.160,173.350,1558387,0.00
2025-08-28,CNB.AX,10000,0.330,0.330,0.315,0.315,52601,3150.00
2025-08-28,E25.AX,20000,0.310,0.315,0.305,0.310,80862,6200.00
2025-08-28,ERA.AX,700000,0.002,0.003,0.002,0.002,894753,1400.00
2025-08-28,PTR.AX,9412,0.330,0.330,0.320,0.325,41551,3058.90
2025-08-28,VML.AX,6000,0.205,0.205,0.185,0.200,373938,1200.00
2025-08-28,WBC.AX,0,38.500,39.010,38.445,39.010,3371845,0.00
2025-08-28,WDS.AX,1288,26.160,26.240,25.920,26.150,4353289,33681.20
2025-08-29,ALK.AX,153181,1.065,1.095,1.050,1.050,9269087,160840.04
2025-08-29,AMP.AX,70000,1.685,1.720,1.680,1.710,3440237,119700.00
2025-08-29,ASM.AX,57458,0.600,0.610,0.580,0.590,746910,33900.22
2025-08-29,BHP.AX,16391,43.100,43.320,42.800,43.190,11355266,707927.27
2025-08-29,CAN.AX,44090,0.013,0.014,0.012,0.014,4173308,617.26
2025-08-29,CBA.AX,0,172.060,172.780,170.300,170.300,2230286,0.00
2025-08-29,CNB.AX,10000,0.315,0.330,0.315,0.320,189534,3200.00
2025-08-29,E25.AX,20000,0.310,0.310,0.305,0.310,3272,6200.00
2025-08-29,ERA.AX,700000,0.002,0.003,0.002,0.002,6483080,1400.00
2025-08-29,PTR.AX,9412,0.325,0.325,0.315,0.320,458071,3011.84
2025-08-29,VML.AX,6000,0.200,0.225,0.200,0.225,355018,1350.00
2025-08-29,WBC.AX,0,38.850,38.900,38.390,38.610,4984661,0.00
2025-08-29,WDS.AX,1288,26.300,26.430,26.120,26.410,3892628,34016.08
2025-09-01,ALK.AX,153181,1.080,1.130,1.070,1.125,7341682,172328.62
2025-09-01,AMP.AX,70000,1.695,1.705,1.675,1.675,2596769,117250.00
2025-09-01,ASM.AX,57458,0.605,0.605,0.570,0.605,1191524,34762.09
2025-09-01,BHP.AX,16391,42.700,42.900,42.480,42.700,5679631,699895.71
2025-09-01,CAN.AX,44090,0.014,0.014,0.013,0.013,1998114,573.17
2025-09-01,CBA.AX,0,170.580,171.590,168.080,168.950,1183192,0.00
2025-09-01,CNB.AX,10000,0.320,0.325,0.310,0.310,368158,3100.00
2025-09-01,E25.AX,20000,0.315,0.315,0.300,0.300,125095,6000.00
2025-09-01,ERA.AX,700000,0.003,0.003,0.002,0.002,29385258,1400.00
2025-09-01,PTR.AX,9412,0.325,0.335,0.320,0.330,114944,3105.96
2025-09-01,VML.AX,6000,0.225,0.250,0.225,0.230,511382,1380.00
2025-09-01,WBC.AX,0,38.410,39.020,38.120,38.250,3250837,0.00
2025-09-01,WDS.AX,1288,26.360,26.400,26.030,26.130,2955846,33655.44
2025-09-02,ALK.AX,153181,1.135,1.165,1.130,1.145,5548835,175392.24
2025-09-02,AMP.AX,70000,1.675,1.675,1.648,1.665,5385734,116550.00
2025-09-02,ASM.AX,57458,0.605,0.605,0.585,0.600,172975,34474.80
2025-09-02,BHP.AX,16391,42.600,43.190,42.600,42.850,6959643,702354.32
2025-09-02,CAN.AX,44090,0.013,0.014,0.013,0.013,415473,573.17
2025-09-02,CBA.AX,0,168.750,171.700,168.670,170.460,1294405,0.00
2025-09-02,CNB.AX,10000,0.310,0.320,0.300,0.310,372748,3100.00
2025-09-02,E25.AX,20000,0.315,0.315,0.298,0.310,174980,6200.00
2025-09-02,ERA.AX,700000,0.002,0.003,0.002,0.002,293360,1400.00
2025-09-02,PTR.AX,9412,0.330,0.330,0.325,0.325,34147,3058.90
2025-09-02,VML.AX,6000,0.225,0.230,0.215,0.215,35644,1290.00
2025-09-02,WBC.AX,0,38.200,38.880,38.160,38.570,2948211,0.00
2025-09-02,WDS.AX,1288,25.970,26.160,25.860,26.150,2814753,33681.20
2025-09-03,ALK.AX,153181,1.140,1.195,1.125,1.175,15318791,179987.67
2025-09-03,AMP.AX,70000,1.655,1.670,1.625,1.630,6308478,114100.00
2025-09-03,ASM.AX,57458,0.595,0.600,0.570,0.570,1072043,32751.06
2025-09-03,BHP.AX,16391,42.700,43.010,42.250,42.290,8236801,693175.41
2025-09-03,CAN.AX,44090,0.013,0.014,0.013,0.013,281532,573.17
2025-09-03,CBA.AX,0,169.000,169.280,164.300,164.550,2536459,0.00
2025-09-03,CNB.AX,10000,0.310,0.310,0.300,0.305,658603,3050.00
2025-09-03,E25.AX,20000,0.310,0.340,0.290,0.340,570625,6800.00
2025-09-03,ERA.AX,700000,0.002,0.002,0.002,0.002,144318,1750.00
2025-09-03,PTR.AX,9412,0.330,0.330,0.315,0.315,562902,2964.78
2025-09-03,VML.AX,6000,0.215,0.235,0.180,0.185,255144,1110.00
2025-09-03,WBC.AX,0,38.300,38.440,37.110,37.160,5352406,0.00
2025-09-03,WDS.AX,1288,26.340,26.530,25.830,25.950,5350111,33423.60
2025-09-04,ALK.AX,153181,1.160,1.183,1.125,1.130,11186380,173094.53
2025-09-04,AMP.AX,70000,1.640,1.680,1.640,1.670,6654458,116900.00
2025-09-04,ASM.AX,57458,0.575,0.580,0.550,0.555,643051,31889.19
2025-09-04,BHP.AX,16391,41.750,42.110,41.660,41.980,8318138,688094.17
2025-09-04,CAN.AX,44090,0.013,0.014,0.013,0.013,160811,573.17
2025-09-04,CBA.AX,0,166.050,168.215,165.010,168.000,1657956,0.00
2025-09-04,CNB.AX,10000,0.305,0.305,0.290,0.295,698839,2950.00
2025-09-04,E25.AX,20000,0.335,0.345,0.335,0.345,262528,6900.00
2025-09-04,ERA.AX,700000,0.003,0.003,0.002,0.002,1075272,1750.00
2025-09-04,PTR.AX,9412,0.325,0.325,0.315,0.315,161932,2964.78
2025-09-04,VML.AX,6000,0.180,0.195,0.165,0.185,331370,1110.00
2025-09-04,WBC.AX,0,37.720,38.060,37.510,37.900,3716677,0.00
2025-09-04,WDS.AX,1288,25.420,25.790,25.260,25.770,4675934,33191.76
2025-09-05,ALK.AX,153181,1.105,1.130,1.085,1.120,10863191,171562.72
2025-09-05,AMP.AX,70000,1.685,1.695,1.665,1.685,4747946,117950.00
2025-09-05,ASM.AX,57458,0.565,0.565,0.550,0.550,193711,31601.90
2025-09-05,BHP.AX,16391,41.400,41.610,41.330,41.610,8268770,682029.52
2025-09-05,CAN.AX,44090,0.014,0.014,0.013,0.013,603963,573.17
2025-09-05,CBA.AX,0,169.270,169.600,167.250,168.140,1407522,0.00
2025-09-05,CNB.AX,10000,0.295,0.300,0.285,0.300,159304,3000.00
2025-09-05,E25.AX,20000,0.340,0.340,0.305,0.340,110422,6800.00
2025-09-05,ERA.AX,700000,0.002,0.002,0.002,0.002,250,1400.00
2025-09-05,PTR.AX,9412,0.315,0.315,0.310,0.310,243102,2917.72
2025-09-05,VML.AX,6000,0.190,0.195,0.165,0.175,318680,1050.00
2025-09-05,WBC.AX,0,38.140,38.370,38.050,38.170,3293617,0.00
2025-09-05,WDS.AX,1288,25.680,25.760,25.510,25.680,3429559,33075.84
2025-09-08,ALK.AX,153181,1.150,1.165,1.130,1.145,4649493,175392.24
2025-09-08,AMP.AX,70000,1.655,1.715,1.650,1.695,6835752,118650.00
2025-09-08,ASM.AX,57458,0.560,0.565,0.540,0.540,498912,31027.32
2025-09-08,BHP.AX,16391,41.630,41.790,41.310,41.370,7131110,678095.65
2025-09-08,CAN.AX,44090,0.013,0.014,0.012,0.012,6397545,529.08
2025-09-08,CBA.AX,0,168.000,168.240,166.590,168.240,1221001,0.00
2025-09-08,CNB.AX,10000,0.295,0.300,0.295,0.300,118530,3000.00
2025-09-08,E25.AX,20000,0.330,0.330,0.325,0.330,97680,6600.00
2025-09-08,ERA.AX,700000,0.002,0.002,0.002,0.002,119367,1750.00
2025-09-08,PTR.AX,9412,0.315,0.325,0.315,0.320,42659,3011.84
2025-09-08,VML.AX,6000,0.175,0.190,0.170,0.185,287941,1110.00
2025-09-08,WBC.AX,0,37.820,38.050,37.690,37.960,2605060,0.00
2025-09-08,WDS.AX,1288,25.150,25.160,24.670,24.980,4983285,32174.24
2025-09-09,ALK.AX,153181,1.165,1.170,1.120,1.150,6713762,176158.15
2025-09-09,AMP.AX,70000,1.695,1.705,1.668,1.675,5296090,117250.00
2025-09-09,ASM.AX,57458,0.545,0.550,0.535,0.540,174512,31027.32
2025-09-09,BHP.AX,16391,41.130,41.180,40.700,40.970,11339058,671539.29
2025-09-09,CAN.AX,44090,0.012,0.012,0.011,0.011,2885638,484.99
2025-09-09,CBA.AX,0,168.240,168.240,165.380,166.080,1967975,0.00
2025-09-09,CNB.AX,10000,0.300,0.310,0.295,0.310,6033647,3100.00
2025-09-09,E25.AX,20000,0.330,0.345,0.330,0.335,443018,6700.00
2025-09-09,ERA.AX,700000,0.002,0.002,0.002,0.002,13333,1750.00
2025-09-09,PTR.AX,9412,0.320,0.320,0.305,0.315,175388,2964.78
2025-09-09,VML.AX,6000,0.180,0.200,0.180,0.200,139105,1200.00
2025-09-09,WBC.AX,0,37.740,37.760,37.410,37.650,4306570,0.00
2025-09-09,WDS.AX,1288,25.000,25.000,24.610,24.680,3092567,31787.84
2025-09-10,ALK.AX,153181,1.115,1.140,1.023,1.075,9512709,164669.58
2025-09-10,AMP.AX,70000,1.670,1.710,1.670,1.690,5693776,118300.00
2025-09-10,ASM.AX,57458,0.540,0.550,0.525,0.525,452302,30165.45
2025-09-10,BHP.AX,16391,40.320,40.560,40.180,40.460,7263768,663179.84
2025-09-10,CAN.AX,44090,0.011,0.011,0.010,0.010,3218592,440.90
2025-09-10,CBA.AX,0,167.000,169.170,166.910,168.540,1448532,0.00
2025-09-10,CNB.AX,10000,0.305,0.305,0.290,0.290,424040,2900.00
2025-09-10,E25.AX,20000,0.335,0.335,0.335,0.335,0,6700.00
2025-09-10,ERA.AX,700000,0.002,0.002,0.002,0.002,66500,1750.00
2025-09-10,PTR.AX,9412,0.322,0.322,0.305,0.310,82932,2917.72
2025-09-10,VML.AX,6000,0.195,0.195,0.180,0.185,72776,1110.00
2025-09-10,WBC.AX,0,38.000,38.340,37.850,38.290,3907536,0.00
2025-09-10,WDS.AX,1288,24.610,24.845,24.570,24.770,2649646,31903.76
2025-09-11,ALK.AX,153181,1.075,1.095,1.040,1.040,9768408,159308.23
2025-09-11,AMP.AX,70000,1.690,1.705,1.673,1.695,4377914,118650.00
2025-09-11,ASM.AX,57458,0.525,0.538,0.525,0.535,332671,30740.03
2025-09-11,BHP.AX,16391,40.300,40.480,40.150,40.270,5904258,660065.58
2025-09-11,CAN.AX,44090,0.011,0.012,0.010,0.010,2957618,440.90
2025-09-11,CBA.AX,0,168.590,168.590,166.820,167.770,1257595,0.00
2025-09-11,CNB.AX,10000,0.295,0.305,0.295,0.295,126567,2950.00
2025-09-11,E25.AX,20000,0.335,0.335,0.335,0.335,0,6700.00
2025-09-11,ERA.AX,700000,0.003,0.003,0.002,0.002,74176,1750.00
2025-09-11,PTR.AX,9412,0.320,0.320,0.305,0.310,168964,2917.72
2025-09-11,VML.AX,6000,0.200,0.200,0.180,0.190,154604,1140.00
2025-09-11,WBC.AX,0,38.180,38.190,37.740,37.950,3035430,0.00
2025-09-11,WDS.AX,1288,24.990,25.150,24.820,25.070,3846992,32290.16
2025-09-12,ALK.AX,153181,1.030,1.065,1.020,1.035,4086040,158542.33
2025-09-12,AMP.AX,70000,1.705,1.730,1.690,1.690,3467975,118300.00
2025-09-12,ASM.AX,57458,0.540,0.545,0.530,0.530,184476,30452.74
2025-09-12,BHP.AX,16391,40.620,40.890,40.460,40.810,5093254,668916.73
2025-09-12,CAN.AX,44090,0.010,0.011,0.010,0.011,1590924,484.99
2025-09-12,CBA.AX,0,167.410,170.000,167.360,169.970,1236459,0.00
2025-09-12,CNB.AX,10000,0.305,0.305,0.290,0.305,211647,3050.00
2025-09-12,E25.AX,20000,0.295,0.315,0.285,0.300,1054289,6000.00
2025-09-12,ERA.AX,700000,0.002,0.002,0.002,0.002,121041,1750.00
2025-09-12,PTR.AX,9412,0.310,0.310,0.305,0.305,98105,2870.66
2025-09-12,VML.AX,6000,0.195,0.195,0.180,0.188,91996,1125.00
2025-09-12,WBC.AX,0,38.200,38.560,38.100,38.480,7567953,0.00
2025-09-12,WDS.AX,1288,25.000,25.020,24.140,24.220,6196737,31195.36
2025-09-15,ALK.AX,153181,1.040,1.055,0.990,1.030,5306262,157776.43
2025-09-15,AMP.AX,70000,1.690,1.810,1.675,1.800,8070660,126000.00
2025-09-15,ASM.AX,57458,0.530,0.540,0.525,0.525,282659,30165.45
2025-09-15,BHP.AX,16391,40.750,40.850,40.375,40.580,4485886,665146.81
2025-09-15,CAN.AX,44090,0.011,0.012,0.010,0.011,735063,484.99
2025-09-15,CBA.AX,0,168.690,168.980,167.740,168.900,1867293,0.00
2025-09-15,CNB.AX,10000,0.305,0.325,0.300,0.320,8065097,3200.00
2025-09-15,E25.AX,20000,0.300,0.315,0.300,0.305,324756,6100.00
2025-09-15,ERA.AX,700000,0.003,0.003,0.002,0.002,1514966,1750.00
2025-09-15,PTR.AX,9412,0.300,0.310,0.300,0.300,190415,2823.60
2025-09-15,VML.AX,6000,0.190,0.200,0.175,0.190,162424,1140.00
2025-09-15,WBC.AX,0,38.400,38.820,38.270,38.730,2907211,0.00
2025-09-15,WDS.AX,1288,24.250,24.330,24.000,24.210,3427037,31182.48
2025-09-16,ALK.AX,153181,1.040,1.065,1.010,1.015,3772234,155478.71
2025-09-16,AMP.AX,70000,1.775,1.805,1.775,1.800,7551642,126000.00
2025-09-16,ASM.AX,57458,0.530,0.535,0.525,0.530,120215,30452.74
2025-09-16,BHP.AX,16391,40.920,41.140,40.770,40.770,7464437,668261.08
2025-09-16,CAN.AX,44090,0.011,0.012,0.010,0.010,446043,440.90
2025-09-16,CBA.AX,0,169.100,169.130,167.780,168.330,1390961,0.00
2025-09-16,CNB.AX,10000,0.340,0.355,0.320,0.330,1001857,3300.00
2025-09-16,E25.AX,20000,0.305,0.310,0.300,0.300,326013,6000.00
2025-09-16,ERA.AX,700000,0.002,0.002,0.002,0.002,1006650,1750.00
2025-09-16,PTR.AX,9412,0.315,0.315,0.305,0.305,149859,2870.66
2025-09-16,VML.AX,6000,0.190,0.200,0.190,0.190,52218,1140.00
2025-09-16,WBC.AX,0,38.820,39.130,38.660,39.030,3939168,0.00
2025-09-16,WDS.AX,1288,24.070,24.360,24.060,24.280,3206340,31272.64
2025-09-17,ALK.AX,153181,1.000,1.048,1.000,1.025,3302744,157010.52
2025-09-17,AMP.AX,70000,1.790,1.815,1.785,1.790,7298340,125300.00
2025-09-17,ASM.AX,57458,0.540,0.575,0.530,0.570,951884,32751.06
2025-09-17,BHP.AX,16391,40.420,40.620,40.135,40.310,7379291,660721.23
2025-09-17,CAN.AX,44090,0.011,0.011,0.010,0.011,806315,484.99
2025-09-17,CBA.AX,0,168.420,169.165,167.895,168.150,1613610,0.00
2025-09-17,CNB.AX,10000,0.330,0.330,0.305,0.310,325119,3100.00
2025-09-17,E25.AX,20000,0.300,0.300,0.292,0.300,237789,6000.00
2025-09-17,ERA.AX,700000,0.002,0.003,0.002,0.003,325456,2100.00
2025-09-17,PTR.AX,9412,0.305,0.320,0.305,0.310,161320,2917.72
2025-09-17,VML.AX,6000,0.195,0.195,0.175,0.180,45010,1080.00
2025-09-17,WBC.AX,0,38.800,38.960,38.640,38.640,4435654,0.00
2025-09-17,WDS.AX,1288,24.380,24.620,24.360,24.600,3920013,31684.80
2025-09-18,ALK.AX,153181,1.015,1.025,1.000,1.025,3706434,157010.52
2025-09-18,AMP.AX,70000,1.790,1.800,1.730,1.740,6683520,121800.00
2025-09-18,ASM.AX,57458,0.580,0.590,0.545,0.550,334989,31601.90
2025-09-18,BHP.AX,16391,40.000,40.190,39.880,39.970,7823281,655148.29
2025-09-18,CAN.AX,44090,0.012,0.013,0.011,0.011,4519952,484.99
2025-09-18,CBA.AX,0,167.700,168.350,164.330,164.330,2379309,0.00
2025-09-18,CNB.AX,10000,0.320,0.320,0.310,0.310,250904,3100.00
2025-09-18,E25.AX,20000,0.295,0.295,0.280,0.280,588626,5600.00
2025-09-18,ERA.AX,700000,0.003,0.003,0.002,0.002,1515005,1400.00
2025-09-18,PTR.AX,9412,0.310,0.320,0.305,0.310,240397,2917.72
2025-09-18,VML.AX,6000,0.175,0.180,0.170,0.175,348853,1050.00
2025-09-18,WBC.AX,0,39.000,39.050,38.600,38.680,6316900,0.00
2025-09-18,WDS.AX,1288,23.760,23.810,23.040,23.060,12622634,29701.28
2025-09-19,ALK.AX,153181,1.010,1.060,1.000,1.060,61832870,162371.85
2025-09-19,AMP.AX,70000,1.760,1.765,1.705,1.705,18857551,119350.00
2025-09-19,ASM.AX,57458,0.560,0.565,0.545,0.550,206464,31601.90
2025-09-19,BHP.AX,16391,39.770,40.200,39.300,39.640,22847291,649739.23
2025-09-19,CAN.AX,44090,0.011,0.012,0.011,0.011,667375,484.99
2025-09-19,CBA.AX,0,166.520,166.950,165.430,166.170,4607592,0.00
2025-09-19,CNB.AX,10000,0.315,0.325,0.310,0.320,20313,3200.00
2025-09-19,E25.AX,20000,0.280,0.285,0.268,0.270,738650,5400.00
2025-09-19,ERA.AX,700000,0.002,0.002,0.002,0.002,2094030,1750.00
2025-09-19,PTR.AX,9412,0.320,0.320,0.315,0.320,154248,3011.84
2025-09-19,VML.AX,6000,0.175,0.195,0.175,0.190,36899,1140.00
2025-09-19,WBC.AX,0,38.520,38.680,38.230,38.550,16177547,0.00
2025-09-19,WDS.AX,1288,23.240,23.340,23.030,23.030,11677481,29662.64
2025-09-22,ALK.AX,153181,1.095,1.178,1.095,1.150,12080027,176158.15
2025-09-22,AMP.AX,70000,1.705,1.725,1.695,1.705,3656575,119350.00
2025-09-22,ASM.AX,57458,0.565,0.580,0.560,0.570,377019,32751.06
2025-09-22,BHP.AX,16391,39.650,40.340,39.570,40.030,7393512,656131.71
2025-09-22,CAN.AX,44090,0.011,0.012,0.011,0.011,1282443,484.99
2025-09-22,CBA.AX,0,166.450,167.400,164.930,165.570,1272323,0.00
2025-09-22,CNB.AX,10000,0.360,0.390,0.345,0.355,2631082,3550.00
2025-09-22,E25.AX,20000,0.265,0.275,0.255,0.265,360975,5300.00
2025-09-22,ERA.AX,700000,0.002,0.002,0.002,0.002,32462,1750.00
2025-09-22,PTR.AX,9412,0.315,0.320,0.315,0.315,54800,2964.78
2025-09-22,VML.AX,6000,0.190,0.195,0.175,0.195,178780,1170.00
2025-09-22,WBC.AX,0,38.600,38.900,38.390,38.560,2722149,0.00
2025-09-22,WDS.AX,1288,22.820,22.835,22.580,22.810,5879261,29379.28
2025-09-23,ALK.AX,153181,1.185,1.200,1.150,1.195,13070740,183051.30
2025-09-23,AMP.AX,70000,1.675,1.690,1.660,1.680,4892215,117600.00
2025-09-23,ASM.AX,57458,0.575,0.575,0.550,0.565,421102,32463.77
2025-09-23,BHP.AX,16391,40.300,40.690,40.075,40.220,6219232,659246.04
2025-09-23,CAN.AX,44090,0.012,0.012,0.011,0.011,518018,484.99
2025-09-23,CBA.AX,0,166.000,168.675,164.960,166.870,1375851,0.00
2025-09-23,CNB.AX,10000,0.360,0.360,0.335,0.335,1141943,3350.00
2025-09-23,E25.AX,20000,0.265,0.270,0.260,0.265,187958,5300.00
2025-09-23,ERA.AX,700000,0.002,0.002,0.002,0.002,8103289,1400.00
2025-09-23,PTR.AX,9412,0.315,0.320,0.310,0.315,184280,2964.78
2025-09-23,VML.AX,6000,0.195,0.210,0.185,0.185,475920,1110.00
2025-09-23,WBC.AX,0,38.650,39.190,38.485,38.840,3345716,0.00
2025-09-23,WDS.AX,1288,22.810,22.910,22.700,22.870,2921764,29456.56
2025-09-24,ALK.AX,153181,1.190,1.220,1.145,1.220,11767007,186880.82
2025-09-24,AMP.AX,70000,1.670,1.670,1.645,1.660,5509782,116200.00
2025-09-24,ASM.AX,57458,0.565,0.580,0.560,0.580,336544,33325.64
2025-09-24,BHP.AX,16391,40.450,40.470,40.000,40.240,7179771,659573.87
2025-09-24,CAN.AX,44090,0.011,0.011,0.011,0.011,912255,484.99
2025-09-24,CBA.AX,0,165.950,166.800,163.190,164.530,2009907,0.00
2025-09-24,CNB.AX,10000,0.340,0.345,0.320,0.345,817683,3450.00
2025-09-24,E25.AX,20000,0.260,0.275,0.255,0.270,1062018,5400.00
2025-09-24,ERA.AX,700000,0.002,0.002,0.002,0.002,1034325,1750.00
2025-09-24,PTR.AX,9412,0.315,0.315,0.310,0.315,105889,2964.78
2025-09-24,VML.AX,6000,0.185,0.200,0.185,0.190,159301,1140.00
2025-09-24,WBC.AX,0,38.710,38.740,37.410,37.580,5688425,0.00
2025-09-24,WDS.AX,1288,23.000,23.160,22.870,22.870,4761959,29456.56
2025-09-25,ALK.AX,153181,1.190,1.190,1.095,1.095,9624745,167733.20
2025-09-25,AMP.AX,70000,1.645,1.665,1.628,1.660,5252199,116200.00
2025-09-25,ASM.AX,57458,0.575,0.580,0.545,0.545,929580,31314.61
2025-09-25,BHP.AX,16391,40.990,41.890,40.900,41.670,12092384,683012.94
2025-09-25,CAN.AX,44090,0.014,0.023,0.014,0.018,46717338,793.62
2025-09-25,CBA.AX,0,163.690,164.880,162.540,163.740,1607175,0.00
2025-09-25,CNB.AX,10000,0.350,0.370,0.345,0.345,2379878,3450.00
2025-09-25,E25.AX,20000,0.270,0.280,0.260,0.265,584551,5300.00
2025-09-25,ERA.AX,700000,0.002,0.002,0.002,0.002,135797,1750.00
2025-09-25,PTR.AX,9412,0.317,0.317,0.308,0.310,126494,2917.72
2025-09-25,VML.AX,6000,0.200,0.230,0.190,0.210,443284,1260.00
2025-09-25,WBC.AX,0,37.540,38.050,37.440,37.910,4929127,0.00
2025-09-25,WDS.AX,1288,23.140,23.520,23.040,23.450,6585720,30203.60
2025-09-26,ALK.AX,153181,1.120,1.130,1.085,1.120,4697868,171562.72
2025-09-26,AMP.AX,70000,1.660,1.665,1.635,1.655,4780200,115850.00
2025-09-26,ASM.AX,57458,0.550,0.555,0.535,0.550,343356,31601.90
2025-09-26,BHP.AX,16391,42.380,42.670,42.080,42.220,10922787,692028.04
2025-09-26,CAN.AX,44090,0.019,0.023,0.018,0.019,16568697,837.71
2025-09-26,CBA.AX,0,164.140,165.210,163.190,164.880,1546068,0.00
2025-09-26,CNB.AX,10000,0.355,0.360,0.345,0.360,1171258,3600.00
2025-09-26,E25.AX,20000,0.265,0.270,0.265,0.270,158623,5400.00
2025-09-26,ERA.AX,700000,0.002,0.002,0.002,0.002,11591,1750.00
2025-09-26,PTR.AX,9412,0.310,0.320,0.305,0.305,103024,2870.66
2025-09-26,VML.AX,6000,0.220,0.245,0.210,0.230,823464,1380.00
2025-09-26,WBC.AX,0,37.780,38.320,37.740,38.170,3659168,0.00
2025-09-26,WDS.AX,1288,23.600,23.600,23.270,23.330,4053362,30049.04
2025-09-29,ALK.AX,153181,1.130,1.163,1.100,1.155,7753137,176924.05
2025-09-29,AMP.AX,70000,1.655,1.692,1.640,1.680,4400441,117600.00
2025-09-29,ASM.AX,57458,0.555,0.600,0.550,0.575,1862657,33038.35
2025-09-29,BHP.AX,16391,41.800,41.990,41.510,41.910,9744918,686946.81
2025-09-29,CAN.AX,44090,0.018,0.018,0.016,0.016,6318015,705.44
2025-09-29,CBA.AX,0,165.000,169.380,164.760,168.430,1809099,0.00
2025-09-29,CNB.AX,10000,0.360,0.365,0.345,0.355,862939,3550.00
2025-09-29,E25.AX,20000,0.270,0.270,0.260,0.260,181236,5200.00
2025-09-29,ERA.AX,700000,0.002,0.002,0.002,0.002,1529218,1400.00
2025-09-29,PTR.AX,9412,0.305,0.308,0.280,0.290,751483,2729.48
2025-09-29,VML.AX,6000,0.230,0.240,0.220,0.230,287682,1380.00
2025-09-29,WBC.AX,0,38.470,39.020,38.370,38.950,4203500,0.00
2025-09-29,WDS.AX,1288,23.470,23.540,23.310,23.420,3203415,30164.96
2025-09-30,ALK.AX,153181,1.145,1.165,1.135,1.145,7975684,175392.24
2025-09-30,AMP.AX,70000,1.665,1.680,1.645,1.660,13198599,116200.00
2025-09-30,ASM.AX,57458,0.580,0.590,0.570,0.570,307880,32751.06
2025-09-30,BHP.AX,16391,42.750,42.940,42.530,42.530,12591714,697109.21
2025-09-30,CAN.AX,44090,0.017,0.018,0.016,0.017,1811501,749.53
2025-09-30,CBA.AX,0,167.150,168.230,165.810,166.900,1882707,0.00
2025-09-30,CNB.AX,10000,0.350,0.355,0.335,0.355,2513617,3550.00
2025-09-30,E25.AX,20000,0.260,0.285,0.260,0.280,906781,5600.00
2025-09-30,ERA.AX,700000,0.002,0.002,0.002,0.002,1616477,1400.00
2025-09-30,PTR.AX,9412,0.290,0.305,0.290,0.300,279055,2823.60
2025-09-30,VML.AX,6000,0.235,0.235,0.210,0.215,305034,1290.00
2025-09-30,WBC.AX,0,38.850,39.080,38.710,38.970,4486407,0.00
2025-09-30,WDS.AX,1288,23.000,23.030,22.850,23.030,6101261,29662.64
2025-10-01,ALK.AX,153181,1.150,1.190,1.130,1.160,43868837,177689.95
2025-10-01,AMP.AX,70000,1.640,1.675,1.640,1.660,3569379,116200.00
2025-10-01,ASM.AX,57458,0.585,0.590,0.570,0.580,317172,33325.64
2025-10-01,BHP.AX,16391,42.050,42.120,41.420,41.470,11041231,679734.79
2025-10-01,CAN.AX,44090,0.016,0.016,0.015,0.015,4765676,661.35
2025-10-01,CBA.AX,0,166.520,167.835,165.125,167.060,1720182,0.00
2025-10-01,CNB.AX,10000,0.350,0.350,0.335,0.335,1039649,3350.00
2025-10-01,E25.AX,20000,0.285,0.285,0.260,0.265,263942,5300.00
2025-10-01,ERA.AX,700000,0.003,0.003,0.002,0.002,117215,1750.00
2025-10-01,PTR.AX,9412,0.310,0.330,0.290,0.310,790865,2917.72
2025-10-01,VML.AX,6000,0.215,0.220,0.205,0.210,231480,1260.00
2025-10-01,WBC.AX,0,38.790,39.020,38.360,38.740,3774654,0.00
2025-10-01,WDS.AX,1288,22.810,22.910,22.680,22.850,4909179,29430.80
2025-10-02,ALK.AX,153181,1.160,1.205,1.150,1.190,9682180,182285.40
2025-10-02,AMP.AX,70000,1.665,1.690,1.660,1.680,3378906,117600.00
2025-10-02,ASM.AX,57458,0.580,0.595,0.570,0.580,395481,33325.64
2025-10-02,BHP.AX,16391,41.900,42.335,41.840,41.940,7075579,687438.52
2025-10-02,CAN.AX,44090,0.016,0.016,0.014,0.014,2060768,617.26
2025-10-02,CBA.AX,0,167.640,170.950,167.400,169.820,1995544,0.00
2025-10-02,CNB.AX,10000,0.335,0.430,0.335,0.420,2068775,4200.00
2025-10-02,E25.AX,20000,0.270,0.270,0.260,0.265,217862,5300.00
2025-10-02,ERA.AX,700000,0.002,0.002,0.002,0.002,394204,1750.00
2025-10-02,PTR.AX,9412,0.320,0.320,0.295,0.310,330842,2917.72
2025-10-02,VML.AX,6000,0.210,0.210,0.195,0.200,176535,1200.00
2025-10-02,WBC.AX,0,38.980,39.350,38.850,39.190,3629660,0.00
2025-10-02,WDS.AX,1288,22.980,23.100,22.820,23.010,4019973,29636.88
2025-10-03,ALK.AX,153181,1.170,1.178,1.135,1.155,7758174,176924.05
2025-10-03,AMP.AX,70000,1.670,1.707,1.670,1.690,6324955,118300.00
2025-10-03,ASM.AX,57458,0.600,0.663,0.595,0.650,2072726,37347.70
2025-10-03,BHP.AX,16391,41.900,42.200,41.795,42.080,4996434,689733.31
2025-10-03,CAN.AX,44090,0.014,0.015,0.013,0.014,1962138,617.26
2025-10-03,CBA.AX,0,168.750,171.000,168.500,170.380,1492004,0.00
2025-10-03,CNB.AX,10000,0.410,0.420,0.370,0.410,1154099,4100.00
2025-10-03,E25.AX,20000,0.265,0.320,0.265,0.320,1238854,6400.00
2025-10-03,ERA.AX,700000,0.002,0.002,0.002,0.002,1441116,1400.00
2025-10-03,PTR.AX,9412,0.310,0.310,0.300,0.300,157572,2823.60
2025-10-03,VML.AX,6000,0.205,0.215,0.200,0.200,142130,1200.00
2025-10-03,WBC.AX,0,38.900,39.410,38.780,39.310,3268202,0.00
2025-10-03,WDS.AX,1288,22.890,23.120,22.880,23.000,3695704,29624.00
2025-10-06,ALK.AX,153181,1.160,1.205,1.150,1.180,7169679,180753.57
2025-10-06,AMP.AX,70000,1.690,1.695,1.655,1.665,2536227,116550.00
2025-10-06,ASM.AX,57458,0.700,0.765,0.680,0.765,2889120,43955.37
2025-10-06,BHP.AX,16391,42.000,42.160,41.800,41.900,5399935,686782.93
2025-10-06,CAN.AX,44090,0.013,0.015,0.013,0.014,1680388,617.26
2025-10-06,CBA.AX,0,170.940,171.860,169.310,169.960,793906,0.00
2025-10-06,CNB.AX,10000,0.435,0.500,0.435,0.445,3510871,4450.00
2025-10-06,E25.AX,20000,0.330,0.340,0.315,0.325,841078,6500.00
2025-10-06,ERA.AX,700000,0.003,0.003,0.002,0.002,2050172,1750.00
2025-10-06,PTR.AX,9412,0.320,0.320,0.300,0.305,1575883,2870.66
2025-10-06,VML.AX,6000,0.205,0.257,0.205,0.240,1008009,1440.00
2025-10-06,WBC.AX,0,39.400,39.720,39.210,39.370,2262300,0.00
2025-10-06,WDS.AX,1288,23.020,23.300,23.020,23.150,2465782,29817.20
2025-10-07,ALK.AX,153181,1.195,1.205,1.175,1.180,12095802,180753.57
2025-10-07,AMP.AX,70000,1.655,1.665,1.615,1.635,5287296,114450.00
2025-10-07,ASM.AX,57458,0.790,0.880,0.790,0.850,2550580,48839.30
2025-10-07,BHP.AX,16391,41.900,42.315,41.870,41.960,6151818,687766.34
2025-10-07,CAN.AX,44090,0.015,0.015,0.014,0.014,1051200,617.26
2025-10-07,CBA.AX,0,168.820,170.100,167.550,169.340,1359513,0.00
2025-10-07,CNB.AX,10000,0.455,0.458,0.415,0.425,739533,4250.00
2025-10-07,E25.AX,20000,0.330,0.360,0.330,0.335,1940753,6700.00
2025-10-07,ERA.AX,700000,0.002,0.002,0.002,0.002,1525200,1750.00
2025-10-07,PTR.AX,9412,0.310,0.310,0.290,0.290,394293,2729.48
2025-10-07,VML.AX,6000,0.240,0.290,0.240,0.280,1244288,1680.00
2025-10-07,WBC.AX,0,39.270,39.445,39.000,39.370,2675176,0.00
2025-10-07,WDS.AX,1288,23.110,23.330,23.010,23.010,3853022,29636.88
2025-10-08,ALK.AX,153181,1.165,1.185,1.140,1.185,5911285,181519.48
2025-10-08,AMP.AX,70000,1.620,1.675,1.590,1.650,6540195,115500.00
2025-10-08,ASM.AX,57458,0.870,0.890,0.810,0.820,1546938,47115.56
2025-10-08,BHP.AX,16391,41.950,42.115,41.820,41.890,6737624,686618.98
2025-10-08,CAN.AX,44090,0.015,0.015,0.014,0.014,1363331,617.26
2025-10-08,CBA.AX,0,169.250,170.630,169.040,169.420,1242369,0.00
2025-10-08,CNB.AX,10000,0.425,0.435,0.405,0.430,1447629,4300.00
2025-10-08,E25.AX,20000,0.335,0.345,0.320,0.330,321591,6600.00
2025-10-08,ERA.AX,700000,0.003,0.003,0.002,0.002,1012410,1750.00
2025-10-08,PTR.AX,9412,0.285,0.300,0.285,0.285,442154,2682.42
2025-10-08,VML.AX,6000,0.290,0.290,0.250,0.270,358878,1620.00
2025-10-08,WBC.AX,0,39.300,39.535,39.200,39.270,3077348,0.00
2025-10-08,WDS.AX,1288,23.070,23.110,22.790,22.810,3101357,29379.28
2025-10-09,ALK.AX,153181,1.200,1.200,1.145,1.160,7306768,177689.95
2025-10-09,AMP.AX,70000,1.660,1.685,1.655,1.670,4909153,116900.00
2025-10-09,ASM.AX,57458,0.825,0.880,0.800,0.875,1258992,50275.75
2025-10-09,BHP.AX,16391,42.610,43.110,42.495,43.110,14134217,706616.02
2025-10-09,CAN.AX,44090,0.014,0.014,0.014,0.014,1029054,617.26
2025-10-09,CBA.AX,0,168.770,169.180,167.220,167.310,2169123,0.00
2025-10-09,CNB.AX,10000,0.440,0.490,0.430,0.480,1951038,4800.00
2025-10-09,E25.AX,20000,0.340,0.350,0.325,0.335,826059,6700.00
2025-10-09,ERA.AX,700000,0.003,0.003,0.002,0.003,344200,2100.00
2025-10-09,PTR.AX,9412,0.280,0.300,0.280,0.290,734437,2729.48
2025-10-09,VML.AX,6000,0.270,0.270,0.250,0.260,336491,1560.00
2025-10-09,WBC.AX,0,39.190,39.340,38.940,39.100,4994930,0.00
2025-10-09,WDS.AX,1288,22.970,23.000,22.710,22.820,3113470,29392.16
2025-10-10,ALK.AX,153181,1.085,1.110,1.045,1.075,9361975,164669.58
2025-10-10,AMP.AX,70000,1.660,1.692,1.660,1.675,3979039,117250.00
2025-10-10,ASM.AX,57458,0.880,0.930,0.855,0.915,1158556,52574.07
2025-10-10,BHP.AX,16391,42.880,42.900,42.160,42.220,10040660,692028.04
2025-10-10,CAN.AX,44090,0.015,0.016,0.014,0.015,1583758,661.35
2025-10-10,CBA.AX,0,167.670,169.200,167.350,168.340,1481754,0.00
2025-10-10,CNB.AX,10000,0.475,0.495,0.450,0.475,1330783,4750.00
2025-10-10,E25.AX,20000,0.320,0.335,0.315,0.325,238045,6500.00
2025-10-10,ERA.AX,700000,0.002,0.002,0.002,0.002,1097144,1750.00
2025-10-10,PTR.AX,9412,0.295,0.327,0.295,0.315,614837,2964.78
2025-10-10,VML.AX,6000,0.270,0.340,0.270,0.290,1909570,1740.00
2025-10-10,WBC.AX,0,39.100,39.390,38.950,39.210,3894486,0.00
2025-10-10,WDS.AX,1288,22.650,22.700,22.485,22.550,5681249,29044.40
2025-10-13,ALK.AX,153181,1.095,1.190,1.090,1.130,12754571,173094.53
2025-10-13,AMP.AX,70000,1.660,1.700,1.655,1.690,5602288,118300.00
2025-10-13,ASM.AX,57458,0.975,1.300,0.970,1.190,5617326,68375.02
2025-10-13,BHP.AX,16391,41.860,42.070,41.520,41.890,8378334,686618.98
2025-10-13,CAN.AX,44090,0.015,0.015,0.015,0.015,1117167,683.39
2025-10-13,CBA.AX,0,167.800,168.330,164.840,165.190,1294090,0.00
2025-10-13,CNB.AX,10000,0.450,0.475,0.430,0.440,810652,4400.00
2025-10-13,E25.AX,20000,0.325,0.330,0.320,0.325,349642,6500.00
2025-10-13,ERA.AX,700000,0.002,0.002,0.002,0.002,753239,1750.00
2025-10-13,PTR.AX,9412,0.320,0.330,0.320,0.320,590564,3011.84
2025-10-13,VML.AX,6000,0.340,0.340,0.300,0.320,1967199,1920.00
2025-10-13,WBC.AX,0,39.100,39.240,38.730,38.840,2749348,0.00
2025-10-13,WDS.AX,1288,22.110,22.270,21.960,22.270,4101182,28683.76
2025-10-14,ALK.AX,153181,1.190,1.225,1.173,1.180,9131462,180753.57
2025-10-14,AMP.AX,70000,1.685,1.730,1.685,1.730,6676075,121100.00
2025-10-14,ASM.AX,57458,1.400,2.020,1.370,1.995,9378721,114628.71
2025-10-14,BHP.AX,16391,42.560,43.120,42.430,42.790,9509568,701370.91
2025-10-14,CAN.AX,44090,0.015,0.017,0.015,0.015,1697446,661.35
2025-10-14,CBA.AX,0,164.900,165.000,161.820,164.400,1900819,0.00
2025-10-14,CNB.AX,10000,0.470,0.510,0.450,0.485,1505507,4850.00
2025-10-14,E25.AX,20000,0.340,0.390,0.335,0.385,1874811,7700.00
2025-10-14,ERA.AX,700000,0.003,0.003,0.002,0.002,457206,1750.00
2025-10-14,PTR.AX,9412,0.325,0.330,0.320,0.320,236308,3011.84
2025-10-14,VML.AX,6000,0.350,0.400,0.345,0.385,1845671,2310.00
2025-10-14,WBC.AX,0,38.800,38.820,37.950,38.390,4641238,0.00
2025-10-14,WDS.AX,1288,22.270,22.460,22.080,22.350,4100485,28786.80
2025-10-15,ALK.AX,153181,1.185,1.185,1.145,1.155,5735263,176924.05
2025-10-15,AMP.AX,70000,1.740,1.770,1.732,1.760,8022759,123200.00
2025-10-15,ASM.AX,57458,2.010,2.060,1.510,1.850,8833259,106297.30
2025-10-15,BHP.AX,16391,43.230,43.540,42.930,43.540,9777081,713664.16
2025-10-15,CAN.AX,44090,0.016,0.016,0.014,0.014,1738894,617.26
2025-10-15,CBA.AX,0,166.320,167.700,165.510,166.780,1632380,0.00
2025-10-15,CNB.AX,10000,0.495,0.540,0.455,0.500,3778922,5000.00
2025-10-15,E25.AX,20000,0.400,0.430,0.390,0.430,2283669,8600.00
2025-10-15,ERA.AX,700000,0.002,0.002,0.002,0.002,936144,1400.00
2025-10-15,PTR.AX,9412,0.325,0.335,0.315,0.320,339726,3011.84
2025-10-15,VML.AX,6000,0.400,0.400,0.310,0.370,2595763,2220.00
2025-10-15,WBC.AX,0,38.850,39.240,38.560,39.150,4514692,0.00
2025-10-15,WDS.AX,1288,22.450,22.460,22.130,22.430,5169388,28889.84
2025-10-16,ALK.AX,153181,1.170,1.188,1.135,1.140,6055227,174626.34
2025-10-16,AMP.AX,70000,1.850,2.010,1.850,1.910,33013495,133700.00
2025-10-16,ASM.AX,57458,1.650,1.775,1.540,1.610,3871939,92507.38
2025-10-16,BHP.AX,16391,43.480,43.840,43.340,43.770,10243494,717434.08
2025-10-16,CAN.AX,44090,0.014,0.015,0.014,0.015,2327786,661.35
2025-10-16,CBA.AX,0,169.220,170.950,167.070,168.100,2206440,0.00
2025-10-16,CNB.AX,10000,0.500,0.500,0.470,0.490,638574,4900.00
2025-10-16,E25.AX,20000,0.445,0.500,0.430,0.450,1071331,9000.00
2025-10-16,ERA.AX,700000,0.002,0.002,0.002,0.002,147849,1750.00
2025-10-16,PTR.AX,9412,0.320,0.330,0.305,0.320,424012,3011.84
2025-10-16,VML.AX,6000,0.345,0.380,0.340,0.350,560871,2100.00
2025-10-16,WBC.AX,0,39.300,39.970,38.870,39.050,5025517,0.00
2025-10-16,WDS.AX,1288,22.440,22.780,22.240,22.700,3541151,29237.60
2025-10-17,ALK.AX,153181,1.160,1.170,1.110,1.120,5591505,171562.72
2025-10-17,AMP.AX,70000,1.855,1.870,1.770,1.790,16542064,125300.00
2025-10-17,ASM.AX,57458,1.610,1.610,1.610,1.610,0,92507.38
2025-10-17,BHP.AX,16391,43.560,43.640,43.210,43.600,10756381,714647.57
2025-10-17,CAN.AX,44090,0.015,0.015,0.014,0.014,593177,617.26
2025-10-17,CBA.AX,0,167.500,168.960,167.250,168.320,2260083,0.00
2025-10-17,CNB.AX,10000,0.490,0.490,0.455,0.465,612557,4650.00
2025-10-17,E25.AX,20000,0.460,0.460,0.360,0.380,897283,7600.00
2025-10-17,ERA.AX,700000,0.003,0.003,0.002,0.002,222308,1400.00
2025-10-17,PTR.AX,9412,0.315,0.315,0.295,0.310,250988,2917.72
2025-10-17,VML.AX,6000,0.350,0.370,0.305,0.350,821584,2100.00
2025-10-17,WBC.AX,0,38.770,39.200,38.650,38.730,5948179,0.00
2025-10-17,WDS.AX,1288,22.380,22.500,22.100,22.100,5561724,28464.80
2025-10-20,ALK.AX,153181,1.080,1.087,1.050,1.080,7611704,165435.49
2025-10-20,AMP.AX,70000,1.780,1.825,1.770,1.800,6271956,126000.00
2025-10-20,ASM.AX,57458,1.450,1.450,1.235,1.390,5545235,79866.62
2025-10-20,BHP.AX,16391,42.850,43.140,42.790,43.140,8239848,707107.73
2025-10-20,CAN.AX,44090,0.014,0.015,0.014,0.014,186262,617.26
2025-10-20,CBA.AX,0,168.530,172.730,167.510,172.700,2145323,0.00
2025-10-20,CNB.AX,10000,0.460,0.470,0.440,0.460,981889,4600.00
2025-10-20,E25.AX,20000,0.390,0.390,0.350,0.370,384756,7400.00
2025-10-20,ERA.AX,700000,0.003,0.003,0.002,0.002,2323593,1400.00
2025-10-20,PTR.AX,9412,0.305,0.310,0.295,0.300,93091,2823.60
2025-10-20,VML.AX,6000,0.330,0.365,0.320,0.365,364333,2190.00
2025-10-20,WBC.AX,0,38.860,39.270,38.750,39.270,2715683,0.00
2025-10-20,WDS.AX,1288,22.200,22.260,22.010,22.260,3524182,28670.88
2025-10-21,ALK.AX,153181,1.130,1.130,1.070,1.090,6229319,166967.30
2025-10-21,AMP.AX,70000,1.815,1.865,1.793,1.845,8589659,129150.00
2025-10-21,ASM.AX,57458,1.625,1.700,1.500,1.505,5437845,86474.29
2025-10-21,BHP.AX,16391,43.800,44.330,43.730,44.130,9494518,723334.85
2025-10-21,CAN.AX,44090,0.015,0.015,0.014,0.014,462606,617.26
2025-10-21,CBA.AX,0,173.000,174.360,171.865,173.560,2192193,0.00
2025-10-21,CNB.AX,10000,0.470,0.470,0.450,0.460,444131,4600.00
2025-10-21,E25.AX,20000,0.410,0.410,0.375,0.390,543055,7800.00
2025-10-21,ERA.AX,700000,0.002,0.002,0.002,0.002,3932461,1400.00
2025-10-21,PTR.AX,9412,0.315,0.315,0.300,0.305,163577,2870.66
2025-10-21,VML.AX,6000,0.370,0.410,0.325,0.325,1363931,1950.00
2025-10-21,WBC.AX,0,39.270,39.450,38.940,39.200,4188508,0.00
2025-10-21,WDS.AX,1288,22.280,22.640,22.220,22.390,4581724,28838.32
2025-10-22,ALK.AX,153181,1.015,1.053,0.980,1.050,12053977,160840.04
2025-10-22,AMP.AX,70000,1.830,1.850,1.805,1.815,6246769,127050.00
2025-10-22,ASM.AX,57458,1.550,1.555,1.305,1.330,3354139,76419.14
2025-10-22,BHP.AX,16391,43.400,43.680,43.110,43.510,7313867,713172.38
2025-10-22,CAN.AX,44090,0.014,0.014,0.014,0.014,290222,617.26
2025-10-22,CBA.AX,0,173.490,174.880,173.400,174.150,1801032,0.00
2025-10-22,CNB.AX,10000,0.450,0.450,0.415,0.435,969154,4350.00
2025-10-22,E25.AX,20000,0.375,0.390,0.355,0.365,645955,7300.00
2025-10-22,ERA.AX,700000,0.003,0.003,0.002,0.002,2294591,1750.00
2025-10-22,PTR.AX,9412,0.300,0.310,0.290,0.290,466165,2729.48
2025-10-22,VML.AX,6000,0.345,0.345,0.280,0.285,1078785,1710.00
2025-10-22,WBC.AX,0,39.170,39.400,39.035,39.240,3503329,0.00
2025-10-22,WDS.AX,1288,23.260,23.380,22.890,23.170,6338244,29842.96
2025-10-23,ALK.AX,153181,1.020,1.080,1.020,1.070,4972185,163903.68
2025-10-23,AMP.AX,70000,1.815,1.827,1.795,1.810,4016327,126700.00
2025-10-23,ASM.AX,57458,1.265,1.300,1.180,1.185,5305559,68087.73
2025-10-23,BHP.AX,16391,42.750,43.010,42.290,43.010,7054913,704976.88
2025-10-23,CAN.AX,44090,0.014,0.014,0.014,0.014,0,617.26
2025-10-23,CBA.AX,0,172.800,173.350,170.220,171.660,1428388,0.00
2025-10-23,CNB.AX,10000,0.435,0.440,0.420,0.425,236476,4250.00
2025-10-23,E25.AX,20000,0.365,0.400,0.355,0.355,427800,7100.00
2025-10-23,ERA.AX,700000,0.003,0.003,0.002,0.002,262381,1750.00
2025-10-23,PTR.AX,9412,0.295,0.305,0.285,0.295,139478,2776.54
2025-10-23,VML.AX,6000,0.285,0.290,0.255,0.265,629642,1590.00
2025-10-23,WBC.AX,0,39.150,39.200,38.880,38.880,2388322,0.00
2025-10-23,WDS.AX,1288,23.750,24.290,23.700,24.170,6992666,31130.96
2025-10-24,ALK.AX,153181,1.070,1.072,1.040,1.045,2724430,160074.14
2025-10-24,AMP.AX,70000,1.800,1.802,1.767,1.790,5700100,125300.00
2025-10-24,ASM.AX,57458,1.150,1.160,1.035,1.050,4186223,60330.90
2025-10-24,BHP.AX,16391,42.750,43.240,42.670,43.240,7172830,708746.87
2025-10-24,CAN.AX,44090,0.014,0.014,0.014,0.014,0,617.26
2025-10-24,CBA.AX,0,171.780,172.400,170.020,170.370,1292329,0.00
2025-10-24,CNB.AX,10000,0.440,0.450,0.425,0.425,258358,4250.00
2025-10-24,E25.AX,20000,0.375,0.390,0.340,0.390,237098,7800.00
2025-10-24,ERA.AX,700000,0.002,0.002,0.002,0.002,1063120,1400.00
2025-10-24,PTR.AX,9412,0.295,0.295,0.285,0.285,63575,2682.42
2025-10-24,VML.AX,6000,0.260,0.275,0.235,0.240,721727,1440.00
2025-10-24,WBC.AX,0,39.100,39.270,38.785,38.870,2611589,0.00
2025-10-24,WDS.AX,1288,24.420,24.640,24.210,24.400,4841777,31427.20
